Location,-123.078,49.226,-8,,,,,,,,
Time,AirTemperature[C],BarometricPressure[KPa],IncomingLongwaveRadiation[Wm-2],IncomingDirShortwaveRadiation[Wm-2],IncomingDifShortwaveRadiation[Wm-2],RainFall[mm],RelativeHumidity[%],WindDirection[Deg],WindSpeed[ms-1],LatentHeatFlux,SensibleHeatFlux
7/1/2008 0:00,19.07296143,99.23775,325.3255556,3.47E-05,-3.47E-05,0,67.74439947,291.4684159,3.406816483,,
7/1/2008 1:00,18.13424072,99.269,323.8369444,3.47E-05,-3.47E-05,0,70.69152499,289.9646131,3.205743313,,
7/1/2008 2:00,17.52593384,99.27701,321.8069444,3.47E-05,-3.47E-05,0,72.20837783,312.7929324,3.367849588,,
7/1/2008 3:00,16.44487915,99.30525,327.0847222,3.47E-05,-3.47E-05,0,75.88293214,303.7340115,3.020134687,,
7/1/2008 4:00,15.9755188,99.32789,336.2869444,5.116909722,10.954375,0,78.65807714,285.8335576,2.864480495,,
7/1/2008 5:00,16.13140259,99.37175,343.4591667,64.24819444,42.35885417,0,81.93789103,280.0024885,2.482427597,,
7/1/2008 6:00,16.63295898,99.36975,350.0905556,130.0862153,98.09081597,0,79.7581461,296.9213247,2.369586945,,
7/1/2008 7:00,17.78093872,99.38978,330.4677778,354.9214236,77.54447917,0,74.77449197,328.7606818,2.451302767,,
7/1/2008 8:00,18.54854736,99.38177,326.1372222,515.3214236,78.93635417,0,71.13011308,346.6687386,2.907128572,,
7/1/2008 9:00,19.27123413,99.364944,329.9266667,642.8959028,87.31145833,0,68.07937676,356.6008665,3.008068085,,
7/1/2008 10:00,20.09642944,99.393585,331.0094444,745.7277778,88.97194444,0,64.71849086,3.565578593,2.985249281,,
7/1/2008 11:00,20.82250366,99.374756,332.0916667,807.0901389,89.83840278,0,61.54849682,7.323117092,3.035167933,,
7/1/2008 12:00,21.41130981,99.34451,333.7155556,820.5302778,88.07986111,0,58.62188987,4.963777227,2.86162281,,
7/1/2008 13:00,21.8713623,99.31246,334.6627778,786.4890278,87.45555556,0,54.09467475,3.120620157,2.920314789,,
7/1/2008 14:00,22.04589233,99.26699,335.6105556,717.2576389,82.90784722,0,52.74475977,1.372627793,2.71023035,,
7/1/2008 15:00,22.21279297,99.21772,335.7455556,605.675,79.17694444,0,51.82031479,357.7426148,2.243483782,,
7/1/2008 16:00,22.54659424,99.17225,334.4690972,476.4572222,70.60763889,7.12E-07,50.63584298,346.3669177,2.195513487,,
7/1/2008 17:00,22.37462769,99.14982,334.1216667,304.5676389,68.28,0,51.47051038,338.0639442,2.161136627,,
7/1/2008 18:00,21.8713623,99.16063,333.0391667,157.1001042,48.98258681,0,52.90119319,332.7121563,1.941471219,,
7/1/2008 19:00,21.3986145,99.17045,329.6557639,39.89295139,25.71923611,0,53.62213312,320.975844,1.79425025,,
7/1/2008 20:00,21.10631714,99.22453,325.8666667,0.334027778,1.211840278,0,54.96505697,306.3528973,1.98553431,,
7/1/2008 21:00,20.96651611,99.250175,322.6191667,3.47E-05,-3.47E-05,0,56.11706642,293.0429179,1.881742954,,
7/1/2008 22:00,20.84707031,99.22333,319.2356944,3.47E-05,-3.47E-05,0,57.571972,275.9300907,2.003232002,,
7/1/2008 23:00,20.58443604,99.17826,315.9880556,3.47E-05,-3.47E-05,0,59.50306296,279.2097289,2.189399481,,
7/2/2008 0:00,20.1836792,99.2019,313.9580556,3.47E-05,-3.47E-05,0,61.15245849,281.146634,2.238677979,,
7/2/2008 1:00,17.11504517,99.171455,311.7927778,3.47E-05,-3.47E-05,0,76.41371582,256.8137231,2.185798645,,
7/2/2008 2:00,17.46407471,99.18006,308.4094444,3.47E-05,-3.47E-05,0,75.69203858,277.2638149,1.46526897,,
7/2/2008 3:00,17.2751709,99.15583,306.3797222,3.47E-05,-3.47E-05,0,76.05115787,271.988327,1.39058876,,
7/2/2008 4:00,17.21499023,99.13199,305.1619444,9.084826389,9.290659722,0,76.50271989,247.8218542,1.784985065,,
7/2/2008 5:00,17.47088013,99.12718,305.2969444,88.6034375,39.10628472,0,78.58054045,244.1827499,1.319308877,,
7/2/2008 6:00,18.04104004,99.11997,307.7330556,232.0228993,55.33491319,0,79.43796455,313.6654037,0.393449694,,
7/2/2008 7:00,19.22545776,99.132996,313.1461111,392.9439583,65.34975694,0,71.22655552,31.54263662,0.804366946,,
7/2/2008 8:00,20.65474854,99.118965,319.3711111,533.9185069,76.78975694,0,64.69560573,51.34977199,1.160648942,,
7/2/2008 9:00,22.17382202,99.08492,324.3783333,656.1222917,86.26243056,0,59.22495239,65.79123027,1.270979524,,
7/2/2008 10:00,23.68950806,99.108955,333.0388889,726.5427778,105.4006944,0,54.50679455,69.36481257,1.358021736,,
7/2/2008 11:00,25.000177,99.05868,336.4222222,783.9773611,107.5552083,0,50.50935817,73.24871085,1.567105055,,
7/2/2008 12:00,26.0659729,98.99138,344.0005556,718.6604167,163.465625,0,47.23433177,74.34583047,1.813872933,,
7/2/2008 13:00,25.94143066,98.92487,344.8127778,706.9303472,142.9947917,0,50.27682431,73.18026552,1.5997926,,
7/2/2008 14:00,26.27269897,98.89543,350.09,615.1338889,150.6723611,0,50.49323618,88.92272458,2.010571003,,
7/2/2008 15:00,26.83272705,98.81351,351.1727778,477.1786458,155.7406597,0,48.90710946,108.4188302,2.136388779,,
7/2/2008 16:00,27.38933716,98.73178,359.0985417,279.4642188,171.3772049,7.12E-07,46.61731529,127.4607692,2.038021564,,
7/2/2008 17:00,27.66637573,98.66368,352.12,172.5308854,144.3006424,0,48.42041342,143.3405902,1.547709465,,
7/2/2008 18:00,27.42324219,98.66008,356.0447222,50.11333333,97.53236111,0,51.05127779,87.40079451,1.081639171,,
7/2/2008 19:00,26.74968872,98.6781,355.7740972,11.03538194,33.57625,0,52.3402189,54.48139665,1.978105307,,
7/2/2008 20:00,25.57457886,98.74541,356.7211111,3.47E-05,1.283333333,0,54.51754771,38.54472458,1.640432,,
7/2/2008 21:00,24.5630127,98.77645,356.4505556,3.47E-05,-3.47E-05,0,57.86785932,289.3861781,1.136770487,,
7/2/2008 22:00,23.27266846,98.79869,375.8026389,3.47E-05,-3.47E-05,0.00086613,63.39589063,296.087584,2.574990511,,
7/2/2008 23:00,22.11705933,98.85277,366.7352778,3.47E-05,-3.47E-05,0.00173226,66.77180111,296.51165,2.893177986,,
7/3/2008 0:00,21.1012207,98.853165,361.7283333,3.47E-05,-3.47E-05,0.000867993,69.67560515,297.7250262,3.202620983,,
7/3/2008 1:00,20.9394165,98.870995,349.1430556,3.47E-05,-3.47E-05,0.059792772,66.63303896,291.525325,3.07955575,,
7/3/2008 2:00,20.52596436,98.86519,350.2255556,3.47E-05,-3.47E-05,0.06932579,67.15391794,308.7321527,2.454540491,,
7/3/2008 3:00,18.86794434,98.89403,342.5119444,3.47E-05,-3.47E-05,0,70.79431544,333.950193,3.254204988,,
7/3/2008 4:00,18.00884399,98.91045,344.5419444,5.958576389,9.135590278,0,71.5247813,314.4356305,3.20085001,,
7/3/2008 5:00,17.59118042,98.92247,341.4294444,23.66055556,66.335625,0,73.45835002,298.9652315,2.821088076,,
7/3/2008 6:00,17.91820679,98.94571,342.3766667,89.04434028,123.0030903,0,76.78810699,292.7112849,2.394795179,,
7/3/2008 7:00,18.04781494,98.98156,350.9022222,90.44711806,171.0099826,0.01646392,79.11833493,316.5247565,2.069814444,,
7/3/2008 8:00,17.65557251,98.99879,358.7511111,157.7013021,212.1858507,0.08319132,82.44533948,320.5918985,1.612191081,,
7/3/2008 9:00,17.61235962,99.01401,363.4877778,36.76670139,278.810625,0.441949815,83.44249304,326.3968968,1.244708419,,
7/3/2008 10:00,18.33587036,99.01101,362.54,148.910434,283.4242188,0.022530556,78.69135004,311.4352376,1.395942926,,
7/3/2008 11:00,19.43728027,98.99979,362.27,176.8728819,300.7588542,0.080591068,72.93073923,316.7008046,1.536551118,,
7/3/2008 12:00,20.49886475,98.976555,360.9161111,389.09625,250.8377778,0.078858808,66.76868212,334.1055712,2.018476009,,
7/3/2008 13:00,20.35396729,98.939095,357.3977778,390.2986806,221.6054861,0,70.97555377,345.8535598,2.707583189,,
7/3/2008 14:00,20.35653076,98.89643,349.4138889,436.2302778,173.5300694,0,70.63241684,342.5150043,3.367302418,,
7/3/2008 15:00,20.32854614,98.86839,342.3766667,492.0215972,99.24652778,0,70.23717037,350.3099995,2.991207123,,
7/3/2008 16:00,20.34041748,98.82292,341.911875,392.0220833,92.49315972,7.12E-07,68.84232619,355.5227649,2.991411924,,
7/3/2008 17:00,19.83379517,98.79788,345.76,212.076441,92.09640625,0,70.13544465,354.1368136,2.852553844,,
7/3/2008 18:00,19.14669189,98.793274,350.4961111,45.31708333,92.28041667,0,71.4271301,349.7412172,2.535009146,,
7/3/2008 19:00,18.3612915,98.84094,360.7810417,5.103541667,37.45177083,0,73.31647892,343.272935,2.618122339,,
7/3/2008 20:00,17.82161865,98.88161,345.0833333,3.47E-05,1.064583333,0,73.97395489,327.9688238,2.42249608,,
7/3/2008 21:00,17.44799194,98.90264,335.6102778,3.47E-05,-3.47E-05,0,75.13295206,302.6130716,2.276902437,,
7/3/2008 22:00,17.35393677,98.85297,359.1570833,3.47E-05,-3.47E-05,0.009531155,76.0136529,290.4635038,2.345837116,,
7/3/2008 23:00,17.21837769,98.83894,350.3611111,3.47E-05,-3.47E-05,0.008666888,76.85240578,295.1856097,2.392711639,,
7/4/2008 0:00,16.91677246,98.86799,357.1272222,3.47E-05,-3.47E-05,0.023396688,77.73030501,298.9028992,2.386030674,,
7/4/2008 1:00,16.77529297,98.88782,361.7283333,3.47E-05,-3.47E-05,0.01559779,74.39879176,289.4868209,2.557266235,,
7/4/2008 2:00,16.26186523,98.873,360.6455556,3.47E-05,-3.47E-05,0.010399148,76.874373,300.4477787,2.596067667,,
7/4/2008 3:00,15.76964722,98.88142,364.435,3.47E-05,-3.47E-05,0.046795234,78.74190015,307.7625527,2.552425861,,
7/4/2008 4:00,15.31551514,98.88762,363.4877778,1.229131944,5.771076389,0.064125285,80.60789305,302.0241044,2.51121521,,
7/4/2008 5:00,15.30788574,98.927475,363.6230556,11.19569444,32.17631944,0.072792158,79.76464673,292.5898441,2.567032099,,
7/4/2008 6:00,15.64931641,98.96153,360.6455556,55.8046875,62.688125,0.156849623,77.61695442,300.4452174,2.528862476,,
7/4/2008 7:00,16.14748535,99.0112,366.8705556,28.9778125,111.2739236,0.142984092,74.75695893,321.1897313,2.479314327,,
7/4/2008 8:00,16.27373657,99.01421,369.4422222,89.71232639,172.240625,0.057192519,74.58886843,329.1584208,2.583820581,,
7/4/2008 9:00,16.90154419,99.04746,365.3822222,139.7989236,184.7911458,0.071926042,70.81410851,331.2080445,2.89771843,,
7/4/2008 10:00,17.22094116,99.08993,355.6383333,288.0413194,184.0777778,0.037262216,68.74177805,334.3381358,3.072363853,,
7/4/2008 11:00,17.71740112,99.083916,362.405,236.3381771,192.4672396,0.011265278,65.35242161,342.4756744,3.338957071,,
7/4/2008 12:00,18.30028687,99.09313,367.2772222,254.8417535,231.058941,0.022530556,61.60101445,347.2590881,3.308038235,,
7/4/2008 13:00,18.50194702,99.108154,364.7055556,247.6941667,242.42125,0.023398548,60.05270088,349.7465789,3.04946661,,
7/4/2008 14:00,19.07634888,99.104355,363.4872222,197.8881424,228.5984549,0.003466383,57.37939963,352.8221371,2.751913548,,
7/4/2008 15:00,19.28054199,99.108955,362.6755556,141.8697222,224.225625,0.006064773,56.4765143,355.1846949,2.560981274,,
7/4/2008 16:00,19.25005493,99.10074,370.7365972,96.45913194,176.3441146,0.014732372,58.43643276,2.992313773,2.655614376,,
7/4/2008 17:00,19.18309937,99.10234,360.5105556,61.081875,102.4163194,0.035528094,59.79291798,4.411213642,2.319735289,,
7/4/2008 18:00,18.85521851,99.107155,363.4875,52.83875,72.56673611,0.123053789,61.660189,358.0646962,1.719563603,,
7/4/2008 19:00,18.62987671,99.146416,356.1799306,10.80826389,18.44670139,0.075390548,63.37264249,329.8352652,1.310620546,,
7/4/2008 20:00,18.36977539,99.200096,371.2011111,0.013368056,0.292881944,0.051127747,65.04871552,300.3164615,1.631905317,,
7/4/2008 21:00,17.96734009,99.198494,371.7425,3.47E-05,-3.47E-05,0.01473166,67.36908495,292.0814253,1.887699127,,
7/4/2008 22:00,17.61828003,99.14421,341.5648611,3.47E-05,-3.47E-05,0.001734123,69.15232681,286.9862886,2.082455397,,
7/4/2008 23:00,17.3598877,99.12038,327.6261111,3.47E-05,-3.47E-05,0.00259839,70.56138054,280.7444861,2.269699812,,
7/5/2008 0:00,17.18364868,99.090126,337.5047222,3.47E-05,-3.47E-05,0.008666888,71.39828037,274.4349623,2.473807335,,
7/5/2008 1:00,17.21077881,99.06128,337.3697222,3.47E-05,-3.47E-05,0.034661964,74.09449434,275.3291023,2.834065914,,
7/5/2008 2:00,16.88881836,99.03945,355.9091667,3.47E-05,-3.47E-05,0.051993877,77.48806158,280.1440715,2.922669888,,
7/5/2008 3:00,16.77190552,99.02543,337.6402778,3.47E-05,-3.47E-05,0.08232519,76.49203581,285.569202,2.786131859,,
7/5/2008 4:00,16.5677124,98.99599,356.5858333,2.257847222,4.625659722,0.175045803,76.70808937,292.7991894,2.695055962,,
7/5/2008 5:00,16.41521606,99.022224,371.2011111,3.380104167,29.33121528,1.472301781,78.13832239,295.8647696,2.792733908,,
7/5/2008 6:00,16.39318237,99.04646,372.9605556,7.508333333,42.32427083,0.936761498,79.2448968,301.8746257,2.998077631,,
7/5/2008 7:00,16.35592041,99.06409,376.75,1.937222222,55.27475694,1.123940805,80.54351729,300.5711251,2.734335423,,
7/5/2008 8:00,16.30507813,99.099945,373.7722222,19.10479167,92.31489583,1.093611121,83.07508171,305.7865756,2.567177296,,
7/5/2008 9:00,16.30083618,99.15122,376.2083333,24.72934028,82.12565972,1.100543886,83.94747986,313.693889,2.658803701,,
7/5/2008 10:00,16.41607056,99.18287,375.9377778,80.2,108.1197049,0.350959599,86.14739106,313.0287754,2.532698631,,
7/5/2008 11:00,16.88289795,99.18187,372.2838889,41.79006944,121.0372569,0.342296436,89.29333584,324.3891968,2.70748353,,
7/5/2008 12:00,16.75921021,99.21772,367.6827778,194.2275,253.3034028,0.706253573,80.27879481,325.0170347,3.021027565,,
7/5/2008 13:00,17.11333618,99.22493,379.8622222,49.63236111,165.6964063,1.824129373,84.88649575,326.2824638,1.814458847,,
7/5/2008 14:00,17.92073975,99.25237,366.0583333,170.0459201,162.608941,1.285988837,77.68849341,335.2092359,2.25109911,,
7/5/2008 15:00,18.13085327,99.28422,382.975,2.271215278,125.4822569,0.830173492,79.61563357,357.4784688,2.306658745,,
7/5/2008 16:00,17.78518066,99.26279,380.209375,23.00590278,89.52215278,0.467081321,78.85257256,3.513824116,2.070042372,,
7/5/2008 17:00,17.57592163,99.24376,366.1941667,58.18274306,64.27684028,0.194977969,79.04839342,6.071520785,1.631298304,,
7/5/2008 18:00,17.2887207,99.29103,356.4505556,56.92690972,44.53208333,0.137783587,78.00542909,7.927735683,1.591957688,,
7/5/2008 19:00,17.13536987,99.30325,362.2696528,18.690625,23.32510417,0.039862469,75.01102883,16.38468125,1.887658596,,
7/5/2008 20:00,16.76766357,99.371956,343.4594444,0.013368056,0.774166667,0.002600253,73.23430178,35.69278592,2.408468008,,
7/5/2008 21:00,16.15935669,99.41362,326.5433333,3.47E-05,-3.47E-05,0,73.88165444,52.29783298,2.513854504,,
7/5/2008 22:00,15.51546631,99.376755,341.7001389,3.47E-05,-3.47E-05,0.051127747,75.26803808,52.52959155,2.34480381,,
7/5/2008 23:00,14.84700928,99.39499,315.7172222,3.47E-05,-3.47E-05,0.019930303,77.29146709,46.97184613,2.029253483,,
7/6/2008 0:00,14.11754761,99.45508,341.4294444,3.47E-05,-3.47E-05,0.017331913,79.40813151,37.37189231,1.786854982,,
7/6/2008 1:00,14.51235352,99.48232,320.3183333,3.47E-05,-3.47E-05,0.003466383,75.16228243,24.01006324,1.878731012,,
7/6/2008 2:00,13.71172485,99.525185,331.2797222,3.47E-05,-3.47E-05,0.007798895,77.81102412,4.649575719,1.643226147,,
7/6/2008 3:00,13.16948853,99.56765,316.8,3.47E-05,-3.47E-05,0.0129994,80.78915502,353.1213267,1.232420683,,
7/6/2008 4:00,12.9102417,99.5989,336.9636111,3.1796875,4.7246875,0.008665025,83.15873242,315.8471027,0.855208755,,
7/6/2008 5:00,12.70690308,99.644966,333.445,33.15951389,32.24850694,0.028597191,84.93870361,295.4759816,1.119193673,,
7/6/2008 6:00,12.99581299,99.70706,321.1305556,97.70159722,71.8634375,0.134317204,82.50600471,313.900328,1.094095826,,
7/6/2008 7:00,13.63039551,99.7321,322.0772222,198.6496528,87.264375,0.08492358,76.8302873,342.6957857,1.092166662,,
7/6/2008 8:00,14.3928772,99.76395,338.7227778,205.2628472,153.7302431,0.175047666,70.47608534,15.83838736,1.258468866,,
7/6/2008 9:00,14.9868103,99.78678,325.8672222,306.1173958,144.1260764,0.144718215,67.40930968,39.70342519,1.704198837,,
7/6/2008 10:00,15.56035767,99.7984,342.2411111,286.2644444,241.9874306,0.038128346,64.25666277,47.74239051,1.861923218,,
7/6/2008 11:00,16.16613159,99.78879,341.0233333,403.8991319,308.9389931,0.053727999,61.02770602,51.60370135,2.072197676,,
7/6/2008 12:00,16.72277222,99.7948,356.3155556,317.2863194,310.1640972,0.003466383,58.24839572,49.05340092,2.39919138,,
7/6/2008 13:00,17.40053711,99.7932,352.9316667,239.6247396,298.1502951,0.00086613,55.02025756,59.1181013,2.678965569,,
7/6/2008 14:00,17.4157959,99.773964,358.8866667,202.8580556,310.7663194,0,53.34564337,63.30416715,2.675216675,,
7/6/2008 15:00,17.76061401,99.747925,352.2555556,217.4338021,246.4454688,0,51.0635639,71.52705921,2.064595938,,
7/6/2008 16:00,17.84450684,99.70306,338.9349306,203.5527778,174.9825,7.12E-07,50.55349527,58.85059695,1.733859301,,
7/6/2008 17:00,17.72927246,99.683426,321.2655556,196.8727778,101.9770139,0,51.75278435,41.38553686,1.780749679,,
7/6/2008 18:00,17.52001343,99.67461,303.6730556,141.6559375,53.89729167,0,53.35184542,34.45168249,1.931613684,,
7/6/2008 19:00,17.27938232,99.68182,303.2671528,36.72663194,25.05003472,0,55.39769371,30.6056098,1.876298189,,
7/6/2008 20:00,17.02523193,99.72449,299.4783333,0.213784722,0.894583333,0,57.09238967,24.54497463,1.594234347,,
7/6/2008 21:00,16.69820557,99.74432,298.3952778,3.47E-05,-3.47E-05,0,58.99442087,8.651938933,1.116921544,,
7/6/2008 22:00,16.29744873,99.76195,297.4483333,3.47E-05,-3.47E-05,0,61.73834996,328.0435666,0.792341471,,
7/6/2008 23:00,15.86199341,99.74332,297.1773611,3.47E-05,-3.47E-05,0,65.29122259,291.3035693,0.933529973,,
7/7/2008 0:00,15.49852905,99.75834,295.5536111,3.47E-05,-3.47E-05,0,68.48763312,280.4624744,1.294612408,,
7/7/2008 1:00,14.08873901,99.77877,294.2002778,3.47E-05,-3.47E-05,0.00086613,76.19284946,274.3668038,2.243202925,,
7/7/2008 2:00,13.94301758,99.77036,293.9297222,3.47E-05,-3.47E-05,0,78.2869135,283.0529808,2.328972816,,
7/7/2008 3:00,13.8142334,99.773766,292.5763889,3.47E-05,-3.47E-05,0,79.91713653,280.5986138,2.261250496,,
7/7/2008 4:00,13.67443237,99.76716,293.3883333,6.599861111,7.7359375,0,81.14026469,283.7064864,1.763742208,,
7/7/2008 5:00,13.50838623,99.82724,292.8472222,77.30090278,39.10642361,0,82.76603245,294.8296408,1.356920719,,
7/7/2008 6:00,13.54735718,99.85589,294.8769444,204.5547743,62.38581597,0,80.34876004,314.9562514,1.130016446,,
7/7/2008 7:00,14.2234436,99.867905,307.0563889,321.3344097,95.06024306,0,76.92103257,354.0101209,1.050478458,,
7/7/2008 8:00,15.1765686,99.88493,312.3338889,407.2391319,134.0943403,0,72.46820691,16.63303205,1.269433022,,
7/7/2008 9:00,16.40081177,99.896355,312.3344444,528.2672222,154.9659028,0,64.8660811,37.43349378,1.526204467,,
7/7/2008 10:00,17.22432861,99.98648,335.3394444,494.0656944,210.8826389,0,61.11206554,35.9218773,2.212489128,,
7/7/2008 11:00,17.78264771,99.986084,326.0022222,517.8865278,237.9881944,0,59.97258221,36.72409326,2.56624651,,
7/7/2008 12:00,18.37145386,99.96065,333.0388889,605.8086111,202.6841667,0,58.02314736,42.49691109,2.596815109,,
7/7/2008 13:00,19.02636108,99.946625,343.3238889,586.6102778,185.5106944,0,53.45327843,39.46009629,2.667800426,,
7/7/2008 14:00,19.58471069,99.93521,324.7844444,595.8821528,142.3608333,0,51.71984003,46.68627934,2.593110561,,
7/7/2008 15:00,19.91933594,99.90937,325.19,483.2173611,146.4351389,0,50.42649386,49.95803557,2.300318003,,
7/7/2008 16:00,19.97866211,99.85769,332.4390972,375.2953819,125.1453125,7.12E-07,50.17663172,49.09203589,2.413943768,,
7/7/2008 17:00,19.76516113,99.84767,316.9352778,288.3085243,68.83244792,0,51.45763953,47.9022545,2.127190828,,
7/7/2008 18:00,19.35424194,99.85428,314.4991667,149.5650694,50.78621528,0,53.69710863,39.63041047,1.777004361,,
7/7/2008 19:00,19.04586182,99.88493,312.6049306,37.15413194,24.66628472,0,55.31421329,34.39352343,1.463780999,,
7/7/2008 20:00,18.90181885,99.94102,310.1688889,0.173715278,0.832569444,0,56.32477323,9.402249727,1.017426372,,
7/7/2008 21:00,18.71206055,99.94502,307.5975,3.47E-05,-3.47E-05,0,57.44373811,327.4727677,0.738718033,,
7/7/2008 22:00,18.43502197,99.95043,306.1091667,3.47E-05,-3.47E-05,0,59.00766294,287.3650704,1.009819865,,
7/7/2008 23:00,18.0367981,99.95223,305.8384722,3.47E-05,-3.47E-05,0,61.20267679,274.1864185,1.436995268,,
7/8/2008 0:00,17.55474243,99.94862,306.3797222,3.47E-05,-3.47E-05,0.00086613,63.82056941,275.0482108,1.822324991,,
7/8/2008 1:00,16.01702271,99.954834,306.3797222,3.47E-05,-3.47E-05,0,71.87673872,283.884932,2.689226866,,
7/8/2008 2:00,15.61034546,99.931,306.515,3.47E-05,-3.47E-05,0,74.35154397,284.7840786,2.656539917,,
7/8/2008 3:00,15.43074951,99.95764,304.7558333,3.47E-05,-3.47E-05,0,75.38515471,283.4656062,2.179489851,,
7/8/2008 4:00,15.37651978,99.95504,306.1091667,6.279201389,7.429513889,0,75.5336678,280.8212574,2.114674091,,
7/8/2008 5:00,15.39431152,99.95303,312.3341667,68.72378472,40.66878472,0,78.08618424,286.2610865,2.198480368,,
7/8/2008 6:00,15.40700684,99.96565,308.2741667,211.969566,57.66901042,0,75.82167851,295.2132856,1.879960775,,
7/8/2008 7:00,16.53130493,99.95885,313.2813889,369.6040278,67.45576389,0,68.85721633,318.0909155,1.332566977,,
7/8/2008 8:00,17.51152954,99.96506,315.9877778,492.1819097,93.52982639,0,65.19597876,346.2953287,1.075358868,,
7/8/2008 9:00,18.60106812,99.94081,319.2361111,646.3294444,83.76125,0,61.49916712,3.205087612,1.136929154,,
7/8/2008 10:00,19.63637695,99.986084,331.9561111,652.1276389,110.7326389,0,58.11744924,9.736350138,1.453426719,,
7/8/2008 11:00,20.49376831,99.931,334.3927778,730.9381944,126.6580556,0,55.40879985,22.58564437,1.940974712,,
7/8/2008 12:00,21.18255005,99.903755,336.9633333,736.4025,123.1770833,0,52.68427893,39.30864709,2.433002234,,
7/8/2008 13:00,21.88491211,99.88253,336.5577778,660.5177778,128.3598611,0,50.21543933,29.61747951,2.602694035,,
7/8/2008 14:00,22.0619751,99.85309,346.1655556,459.9175347,190.7501736,0,49.5760141,40.16301155,2.290891171,,
7/8/2008 15:00,22.43984375,99.8022,332.2272222,534.0654861,111.3228472,0,47.97842137,55.2111204,1.447286129,,
7/8/2008 16:00,22.78637085,99.7323,341.5060417,402.563125,92.4378125,7.12E-07,46.97664783,68.56543455,1.199676037,,
7/8/2008 17:00,22.79143677,99.694244,331.0091667,292.5570139,68.22986111,0,47.66057161,67.26780789,1.267621756,,
7/8/2008 18:00,22.50255737,99.670204,337.0988889,148.5363542,49.87529514,0,48.21038281,64.86790481,1.105109572,,
7/8/2008 19:00,22.15349731,99.65058,330.8738194,33.97447917,23.28125,0,49.05724468,60.46678363,0.624469817,,
7/8/2008 20:00,21.75698242,99.69064,322.7541667,0.160347222,0.743854167,0,50.17878458,340.5461049,0.202875271,,
7/8/2008 21:00,21.25032959,99.67121,322.7544444,3.47E-05,-3.47E-05,0,52.12972187,293.1755602,0.489133745,,
7/8/2008 22:00,20.72338257,99.65679,322.3481944,3.47E-05,-3.47E-05,0,54.6782792,266.2562069,0.725686193,,
7/8/2008 23:00,20.11422119,99.63015,319.6419444,3.47E-05,-3.47E-05,0,58.0063795,253.7895817,0.805918634,,
7/9/2008 0:00,19.52199707,99.598694,316.6644444,3.47E-05,-3.47E-05,0,61.43674372,255.0324439,1.146486878,,
7/9/2008 1:00,17.23110352,99.577065,320.0477778,3.47E-05,-3.47E-05,0,74.5308612,269.4238027,1.235619545,,
7/9/2008 2:00,16.92778931,99.57126,313.4166667,3.47E-05,-3.47E-05,0,76.40933704,266.2144471,1.435841918,,
7/9/2008 3:00,16.46352539,99.54622,312.1988889,3.47E-05,-3.47E-05,0,77.70935103,268.6139472,1.560229182,,
7/9/2008 4:00,15.87978516,99.55423,309.3569444,5.878402778,7.057361111,0,80.65419645,272.6331584,1.548746705,,
7/9/2008 5:00,15.34685669,99.56164,310.71,74.61555556,37.78125,0,85.0845864,276.1981278,1.507539988,,
7/9/2008 6:00,15.47057495,99.58828,319.3713889,209.1906944,58.88743056,0.00086613,85.68800965,304.0896492,1.056758523,,
7/9/2008 7:00,16.72615967,99.569855,316.935,310.2188889,71.014375,0,78.69168167,7.41537075,1.091643333,,
7/9/2008 8:00,17.85466919,99.573654,332.0916667,421.0533333,100.09625,0.00086613,74.90063435,46.12453726,1.426199555,,
7/9/2008 9:00,18.55108032,99.55864,331.0094444,482.3088889,134.9766667,0.002600253,71.48955108,62.91440241,1.831215739,,
7/9/2008 10:00,19.31951294,99.58788,345.6244444,439.730625,218.4622917,0.005198642,67.38927028,66.45447579,2.088210583,,
7/9/2008 11:00,20.06166992,99.55243,351.0377778,584.5127778,164.5950694,0,61.69740685,73.36595105,2.439690828,,
7/9/2008 12:00,20.73183594,99.50095,346.3011111,644.2452778,163.32875,0.00086613,57.16811065,79.36339672,2.827970743,,
7/9/2008 13:00,20.58019409,99.48953,325.325,726.16875,97.79736111,0,50.5163931,67.17766988,2.974243402,,
7/9/2008 14:00,21.17070923,99.42023,342.1061111,590.5247917,111.8276389,0,45.61087175,61.47310955,2.749650478,,
7/9/2008 15:00,21.5468689,99.37055,318.2883333,588.7345139,84.96090278,0,42.72274453,53.51679977,2.290959835,,
7/9/2008 16:00,21.70952759,99.30946,319.7185417,432.1554861,85.12940972,7.12E-07,42.22405412,43.1951989,2.157296181,,
7/9/2008 17:00,21.56466064,99.252174,322.8894444,298.9697917,64.99635417,0,44.41459702,32.84781406,1.992086053,,
7/9/2008 18:00,21.1368042,99.223724,316.3938889,137.514375,57.12008681,0,45.92946796,22.55228914,1.880028486,,
7/9/2008 19:00,20.61831055,99.22694,312.1988194,36.53958333,24.1725,0,48.19641417,6.857182504,1.892038345,,
7/9/2008 20:00,19.89055786,99.261986,308.0036111,0.120243056,0.667291667,0,51.3688517,353.5538604,1.745691895,,
7/9/2008 21:00,19.09160767,99.2668,313.5519444,3.47E-05,-3.47E-05,0,54.74411821,344.7151363,1.460445404,,
7/9/2008 22:00,18.34349976,99.160835,302.1847222,3.47E-05,-3.47E-05,0,58.54156387,331.7143288,1.21515131,,
7/9/2008 23:00,17.46154175,99.15502,300.4254167,3.47E-05,-3.47E-05,0,63.67142582,327.5685509,1.030710816,,
7/10/2008 0:00,16.51351318,99.134796,302.7258333,3.47E-05,-3.47E-05,0,69.49993273,332.4027282,1.061438084,,
7/10/2008 1:00,15.61712036,99.15042,302.0494444,3.47E-05,-3.47E-05,0,78.52343674,333.3805091,1.448623776,,
7/10/2008 2:00,14.82158813,99.167244,301.1019444,3.47E-05,-3.47E-05,0,82.72867901,5.29724243,1.575031638,,
7/10/2008 3:00,14.26833496,99.181465,318.4236111,3.47E-05,-3.47E-05,0.00259839,85.244634,24.43109147,1.436119795,,
7/10/2008 4:00,13.8769165,99.19469,344.9480556,3.754166667,4.923159722,0.006066635,87.18776461,35.17398183,1.351363182,,
7/10/2008 5:00,13.47194824,99.24516,344.4063889,24.18159722,36.55965278,0.065859407,89.76926853,30.67453666,1.354860187,,
7/10/2008 6:00,13.7362915,99.28783,351.985,72.62489583,99.49229167,0.062393025,85.9630121,36.03293276,1.882201076,,
7/10/2008 7:00,14.48525391,99.31347,322.7544444,175.4834375,107.1346528,0.032929704,77.96281302,55.21155412,2.620594978,,
7/10/2008 8:00,15.4527832,99.34371,310.9805556,353.1846181,147.9852431,0.006932765,65.40813535,72.53561861,3.474472761,,
7/10/2008 9:00,16.03057251,99.37997,299.8838889,557.0713889,122.1658333,0,54.45867698,82.19011832,4.423855305,,
7/10/2008 10:00,16.36437378,99.43044,305.8388889,522.7362153,175.3577431,0,45.2919658,86.56932143,4.949233532,,
7/10/2008 11:00,16.75158081,99.42964,289.7344444,718.1927778,120.9695833,0,40.43006253,93.27087765,5.886878014,,
7/10/2008 12:00,17.0413147,99.49514,291.2227778,756.4825,117.8995833,0.00086613,39.0820661,100.0075684,5.96533823,,
7/10/2008 13:00,16.81173096,99.50416,287.4344444,742.0938194,118.8858333,0,43.00802232,91.13153262,5.756773472,,
7/10/2008 14:00,17.81484375,99.54101,287.0277778,706.663125,96.88576389,0,40.86893799,89.30029744,4.806424141,,
7/10/2008 15:00,18.32317505,99.55684,295.0122222,560.0506597,96.4796875,0,39.59503854,86.56322207,4.102611065,,
7/10/2008 16:00,18.49346313,99.58909,291.9763194,442.8034028,82.85253472,7.12E-07,39.15896783,83.39475878,3.40610528,,
7/10/2008 17:00,18.42992554,99.60811,289.3286111,303.2182639,65.38548611,0,39.86686968,74.68546846,2.616817713,,
7/10/2008 18:00,18.08425293,99.62354,287.1633333,158.5563368,49.13055556,0,42.46170498,45.677416,1.783391953,,
7/10/2008 19:00,17.41918335,99.68503,288.3813889,37.75534722,23.62756944,0,44.62910313,355.6027383,1.860273123,,
7/10/2008 20:00,16.59990845,99.76775,286.4865972,0.120243056,0.623541667,0,48.76562595,325.8632439,2.361297131,,
7/10/2008 21:00,15.82384644,99.82925,284.1861111,3.47E-05,-3.47E-05,0,54.02735905,311.0906068,2.557945728,,
7/10/2008 22:00,15.21047363,99.92919,283.9155556,3.47E-05,-3.47E-05,0,58.58276424,298.0926953,2.646108866,,
7/10/2008 23:00,14.83345947,99.97927,283.6448611,3.47E-05,-3.47E-05,0,62.02153537,288.6480259,2.564879656,,
7/11/2008 0:00,14.60979614,100.02134,283.3741667,3.47E-05,-3.47E-05,0,64.3585922,281.4439726,2.318968534,,
7/11/2008 1:00,13.28218994,100.049385,282.0208333,3.47E-05,-3.47E-05,0,72.63017791,267.5412318,2.603095055,,
7/11/2008 2:00,13.4041687,100.07863,281.3444444,3.47E-05,-3.47E-05,0,72.42737186,269.3632121,2.600407124,,
7/11/2008 3:00,13.49651489,100.070015,280.6675,3.47E-05,-3.47E-05,0.00086613,71.95028426,273.5727943,2.179883003,,
7/11/2008 4:00,13.46264038,100.08824,280.1263889,5.303923611,6.567222222,0,71.74043766,272.3960347,1.74035871,,
7/11/2008 5:00,13.36776123,100.11428,281.7502778,74.54875,38.02305556,0,72.31652566,273.5729992,1.489867091,,
7/11/2008 6:00,13.21608887,100.13331,284.3213889,206.3049306,60.72315972,0,71.94900068,281.5547719,0.938962221,,
7/11/2008 7:00,14.51149902,100.18138,287.9755556,364.8345139,72.51694444,0,63.74136724,312.699714,0.570629537,,
7/11/2008 8:00,15.64086304,100.17417,290.9522222,519.7168403,80.40364583,0,58.79916701,354.3388361,0.382412046,,
7/11/2008 9:00,16.76937256,100.16175,293.93,656.7101389,84.93083333,0,54.28282623,65.94725912,0.821292579,,
7/11/2008 10:00,17.82753906,100.234665,297.0422222,755.520625,89.48979167,0,50.25588882,87.81587876,1.297612786,,
7/11/2008 11:00,18.87301025,100.1914,299.7483333,816.0547222,91.22826389,0,46.49861297,91.69220919,1.713425994,,
7/11/2008 12:00,19.68297729,100.16275,302.4555556,829.6151389,91.94527778,0,43.8115867,90.22305599,2.366101742,,
7/11/2008 13:00,20.45055542,100.14292,306.1088889,778.2726389,103.9993056,0,41.37701458,88.15542113,2.372739553,,
7/11/2008 14:00,20.87502441,100.10767,311.2516667,640.2105556,141.5356944,0,39.9177117,87.56222603,2.447430849,,
7/11/2008 15:00,21.08852539,100.06541,312.1983333,538.9018056,125.5620833,0,39.00142393,98.52965885,2.305214167,,
7/11/2008 16:00,21.11901245,100.01152,314.5760417,389.1497222,114.6014583,7.12E-07,39.20876718,110.322964,2.24781394,,
7/11/2008 17:00,21.01989136,99.95583,315.0405556,235.4964931,102.0876736,0,42.27280298,119.5032983,2.042152166,,
7/11/2008 18:00,20.79030762,99.9308,318.6944444,100.3335069,75.42961806,0,48.06492122,122.5896422,1.93881321,,
7/11/2008 19:00,20.58526001,99.90656,323.0249306,15.71135417,31.80243056,0,49.08089066,128.3555787,2.020864248,,
7/11/2008 20:00,20.44802246,99.95523,319.2358333,0.053472222,0.529861111,0,51.04731895,138.8790424,2.115372419,,
7/11/2008 21:00,20.33617554,99.94802,303.6730556,3.47E-05,-3.47E-05,0,52.98544286,145.4784941,2.184316874,,
7/11/2008 22:00,20.26418457,99.91578,303.1319444,3.47E-05,-3.47E-05,0,54.80841508,153.5172579,2.169587612,,
7/11/2008 23:00,20.1904541,99.91177,300.9668056,3.47E-05,-3.47E-05,0,56.03637482,158.7127096,1.993566871,,
7/12/2008 0:00,19.98034058,99.90115,301.1019444,3.47E-05,-3.47E-05,0,57.14363658,161.7397811,1.82784462,,
7/12/2008 1:00,17.67675171,99.907364,299.0719444,3.47E-05,-3.47E-05,0,64.62864001,197.4115952,1.758093834,,
7/12/2008 2:00,17.73095093,99.889336,298.125,3.47E-05,-3.47E-05,0,64.89061085,229.6500744,1.235575676,,
7/12/2008 3:00,17.53103027,99.87652,297.1775,3.47E-05,-3.47E-05,0,66.14376933,241.0006057,0.992864609,,
7/12/2008 4:00,17.37682495,99.91057,296.23,5.036736111,6.134409722,0,66.91053325,215.5117877,0.932923257,,
7/12/2008 5:00,17.37429199,99.93561,296.3658333,74.18802083,36.77958333,0,68.43357492,200.2557816,0.914816797,,
7/12/2008 6:00,17.47594604,99.94202,301.6430556,201.1746875,61.02618056,0,69.22375737,178.08538,0.670969486,,
7/12/2008 7:00,18.36638794,99.95985,305.4327778,361.2807639,71.19972222,0.00086613,60.4048708,119.0418781,0.748191178,,
7/12/2008 8:00,19.53725586,99.93461,308.9505556,515.4149306,77.89493056,0,55.44309846,96.72359291,1.200927258,,
7/12/2008 9:00,20.56154785,99.9314,313.0111111,646.9840972,83.36909722,0,52.01388723,84.16746492,1.538412929,,
7/12/2008 10:00,21.48247681,99.99149,316.935,741.025,89.82465278,0,48.37052155,72.94328528,1.764516711,,
7/12/2008 11:00,22.3170105,99.96185,322.6188889,754.385,123.6576389,0,44.62185354,66.44492036,2.059258699,,
7/12/2008 12:00,22.96514282,99.94523,328.4383333,672.3145833,181.5627778,0,41.19082293,69.26229143,2.477296829,,
7/12/2008 13:00,23.21843872,99.91057,329.6555556,644.3922222,184.3136111,0,36.28478323,81.5040668,2.11344409,,
7/12/2008 14:00,23.86403809,99.87732,330.6033333,570.5783333,177.0273611,0,32.06613949,77.89430499,2.134554148,,
7/12/2008 15:00,24.32409058,99.839066,330.6033333,493.7049653,141.3289236,0,29.16185212,77.11089596,2.109489441,,
7/12/2008 16:00,24.60958252,99.787384,325.5374306,420.1715972,95.05697917,7.12E-07,27.7743143,76.31914043,1.685435176,,
7/12/2008 17:00,24.61467896,99.74512,326.4080556,283.5924479,72.03178819,0,27.90012418,62.04129933,1.237637401,,
7/12/2008 18:00,24.37407837,99.694244,326.6788889,134.9358681,55.90682292,0,27.60735039,21.47087724,1.14467144,,
7/12/2008 19:00,24.06060181,99.69384,323.1602083,34.04125,22.80614583,0,29.30083626,352.9018459,1.300620437,,
7/12/2008 20:00,23.75136719,99.70466,320.995,0.066805556,0.429027778,0,30.88602629,313.0319515,1.450890303,,
7/12/2008 21:00,23.43450317,99.68844,319.5063889,3.47E-05,-3.47E-05,0,33.33815429,288.9389783,1.791506886,,
7/12/2008 22:00,22.8677002,99.64797,313.5519444,3.47E-05,-3.47E-05,0,37.28532985,275.5184625,2.089467287,,
7/12/2008 23:00,22.16958008,99.63034,311.3868056,3.47E-05,-3.47E-05,0,41.92133288,273.4446668,2.300988674,,
7/13/2008 0:00,21.40792236,99.63175,308.9511111,3.47E-05,-3.47E-05,0,45.5394257,277.4486535,2.517032385,,
7/13/2008 1:00,19.05092773,99.61652,306.3797222,3.47E-05,-3.47E-05,0,54.17660074,282.2529607,2.626156092,,
7/13/2008 2:00,18.31640015,99.59509,304.3497222,3.47E-05,-3.47E-05,0,56.31708498,293.5994622,2.606626034,,
7/13/2008 3:00,17.4793335,99.58207,302.7258333,3.47E-05,-3.47E-05,0,58.93882546,289.2484883,2.577956438,,
7/13/2008 4:00,16.95574341,99.58388,301.2375,4.662638889,5.793888889,0,62.76180966,278.552453,2.637259483,,
7/13/2008 5:00,16.82103882,99.57045,303.4025,72.13059028,35.93486111,0,67.54532502,279.639464,2.67096734,,
7/13/2008 6:00,16.91338501,99.573654,304.8911111,203.6062153,58.11340278,0,65.28205663,289.7528363,2.187709332,,
7/13/2008 7:00,17.8749939,99.55263,305.4322222,362.5633333,68.42961806,0,60.30718151,306.1201552,1.901822567,,
7/13/2008 8:00,18.86031494,99.55763,308.1394444,514.4663889,76.48090278,0,55.96825127,327.9512088,1.695278525,,
7/13/2008 9:00,19.79564819,99.54101,312.0633333,638.1665278,87.18444444,0,52.09888886,348.936749,1.758904815,,
7/13/2008 10:00,20.67678223,99.64477,311.7927778,745.4338194,86.87423611,0,48.1723571,3.553397165,1.952172637,,
7/13/2008 11:00,21.38927612,99.59529,314.905,787.8384028,101.0107639,0,44.60978879,15.32932482,2.301526308,,
7/13/2008 12:00,21.99080811,99.564445,317.2061111,822.1869444,86.75861111,0,41.29565254,24.3308243,2.245060444,,
7/13/2008 13:00,21.88662109,99.516975,316.935,783.7502778,90.70472222,0.00086613,40.46958913,22.99984411,2.653157473,,
7/13/2008 14:00,22.10775146,99.46008,317.0705556,717.6851389,82.27618056,0,39.11387895,18.95516831,2.548288107,,
7/13/2008 15:00,22.59151611,99.4034,316.665,600.7050694,79.18840278,0,37.27463741,18.5838519,2.290875673,,
7/13/2008 16:00,22.77449951,99.3359,316.1999306,459.9977083,72.73135417,7.12E-07,36.7594265,11.46736767,2.007375956,,
7/13/2008 17:00,22.59490356,99.28403,315.4466667,299.7713889,63.84472222,0,38.2290478,347.2190751,1.781198859,,
7/13/2008 18:00,22.05013428,99.258575,314.0933333,150.1128299,48.54673611,0,40.55008408,326.5555484,2.245970726,,
7/13/2008 19:00,21.10460815,99.24356,312.6046528,34.69590278,22.12229167,0,44.87886888,315.1337236,2.603939295,,
7/13/2008 20:00,19.88717041,99.30465,309.4922222,0.053472222,0.354861111,0,50.42496079,310.8719383,2.637981176,,
7/13/2008 21:00,18.8416687,99.324486,307.5977778,3.47E-05,-3.47E-05,0,55.8832309,303.2686537,2.458254576,,
7/13/2008 22:00,18.11644897,99.28522,302.7258333,3.47E-05,-3.47E-05,0,60.58464947,289.4049679,2.550703049,,
7/13/2008 23:00,17.67757568,99.3333,300.6959722,3.47E-05,-3.47E-05,0,64.01800585,284.1816559,2.804645538,,
7/14/2008 0:00,17.18026123,99.319275,301.1022222,3.47E-05,-3.47E-05,0,67.32120685,286.9843557,2.652163744,,
7/14/2008 1:00,16.1093689,99.3379,299.4780556,3.47E-05,-3.47E-05,0,72.42764063,300.4380867,2.473084211,,
7/14/2008 2:00,15.37566528,99.350716,299.4780556,3.47E-05,-3.47E-05,0,76.83573421,304.4581857,2.430225849,,
7/14/2008 3:00,14.83684692,99.35813,296.3655556,3.47E-05,-3.47E-05,0,79.80990152,296.1178554,2.251837969,,
7/14/2008 4:00,14.46746216,99.333694,294.6061111,4.181701389,5.531076389,0,82.19184628,287.400724,2.284250975,,
7/14/2008 5:00,14.43016968,99.364944,294.4711111,71.56947917,35.43135417,0,81.80007352,286.8869162,2.160745859,,
7/14/2008 6:00,15.0079895,99.39338,294.4708333,208.5093229,55.96661458,0,75.30022271,311.6577208,1.889174104,,
7/14/2008 7:00,15.92382202,99.38498,301.7788889,361.1204514,69.49333333,0,69.02111168,341.1624561,1.870185971,,
7/14/2008 8:00,16.9710022,99.39819,303.2672222,513.250625,77.08416667,0.00086613,63.33507178,346.0970757,1.609840989,,
7/14/2008 9:00,18.03597412,99.403,305.9733333,646.716875,82.04666667,0,58.73128053,358.2257869,1.67116642,,
7/14/2008 10:00,19.07042847,99.440056,308.9511111,741.2788889,92.225,0,54.54606665,14.66825642,2.086747646,,
7/14/2008 11:00,19.87191162,99.41362,311.7927778,787.57125,102.2841667,0,51.49701652,23.24545259,2.380325079,,
7/14/2008 12:00,20.50817261,99.41602,316.6644444,730.5775,151.5922917,0,48.51813665,28.14628579,2.388363361,,
7/14/2008 13:00,20.68099365,99.369354,338.0466667,643.6040278,166.6825694,0,45.76994476,25.08345138,2.670380354,,
7/14/2008 14:00,20.99364624,99.343315,331.55,609.121875,147.6132639,0,43.67992079,25.33646549,2.619031906,,
7/14/2008 15:00,20.94448242,99.28041,319.3711111,502.6828819,143.5367708,0,43.4781607,8.634740517,1.863056064,,
7/14/2008 16:00,20.78014526,99.24916,336.634375,263.4990278,181.6401389,7.12E-07,46.03864683,348.6912771,1.135499001,,
7/14/2008 17:00,20.88771973,99.18487,329.7911111,179.718559,127.006441,0,46.16908293,1.763627841,1.081016421,,
7/14/2008 18:00,20.60643921,99.17466,325.3255556,102.2039236,62.19847222,0,46.04317662,18.85559269,1.475510597,,
7/14/2008 19:00,20.31755981,99.16785,313.4165972,29.39197917,19.784375,0,46.03157639,336.4089842,0.96200633,,
7/14/2008 20:00,20.06337891,99.21131,311.7927778,0.040104167,0.2515625,0,46.65279134,282.8296882,1.398901463,,
7/14/2008 21:00,19.73635254,99.230934,302.4552778,3.47E-05,-3.47E-05,0,49.75693409,289.3722991,1.634209037,,
7/14/2008 22:00,19.21529541,99.2696,296.9069444,3.47E-05,-3.47E-05,0,53.27156602,299.8102898,1.543846965,,
7/14/2008 23:00,18.61800537,99.25337,296.3654167,3.47E-05,-3.47E-05,0,56.50868354,290.0300873,1.411362886,,
7/15/2008 0:00,18.19014893,99.25417,295.9597222,3.47E-05,-3.47E-05,0,59.61056472,269.4367323,1.713597655,,
7/15/2008 1:00,15.6010376,99.25458,296.095,3.47E-05,-3.47E-05,0,71.07521691,257.6931373,2.569304466,,
7/15/2008 2:00,15.72133789,99.26439,295.5533333,3.47E-05,-3.47E-05,0.00086613,72.64144838,276.8806959,2.368149281,,
7/15/2008 3:00,15.55019531,99.262184,295.0125,3.47E-05,-3.47E-05,0,73.85596273,282.0880048,2.40625596,,
7/15/2008 4:00,15.39006958,99.26699,296.23,3.780902778,5.115173611,0.00086613,74.42269946,293.2378242,1.96764636,,
7/15/2008 5:00,15.1206604,99.296036,295.0125,68.37642361,35.03680556,0,75.28094788,303.8776709,1.319914937,,
7/15/2008 6:00,15.29180298,99.34852,298.5308333,192.4239063,57.59954861,0,69.62857549,323.6740863,0.885794163,,
7/15/2008 7:00,16.4482666,99.368355,302.7258333,351.4077431,71.17041667,0,60.24415916,339.2662982,0.763068736,,
7/15/2008 8:00,17.61321411,99.38878,305.5677778,507.2920486,77.5009375,0,54.65437942,337.196418,0.733185649,,
7/15/2008 9:00,18.75188599,99.39279,306.9211111,637.61875,84.53833333,0,51.50604674,357.7515367,1.030669689,,
7/15/2008 10:00,19.69991455,99.44767,310.0333333,676.67,124.4288889,0,48.7904258,22.57637239,1.704987645,,
7/15/2008 11:00,20.47173462,99.42023,309.0861111,796.9098611,93.57263889,0,45.84892645,27.93421012,1.979339361,,
7/15/2008 12:00,21.16985474,99.42343,309.7633333,818.6198611,88.181875,0,42.51492138,32.40727027,2.150309086,,
7/15/2008 13:00,21.16307983,99.40921,310.3038889,781.0114583,93.020625,0,39.17637718,30.99499206,2.238753796,,
7/15/2008 14:00,21.85949097,99.406006,308.6805556,725.1266667,80.74111111,0,35.12259874,38.53061683,2.068490982,,
7/15/2008 15:00,22.15093384,99.37155,309.3566667,611.8205556,75.685625,0,32.84209903,37.16264263,2.300722837,,
7/15/2008 16:00,22.16872559,99.34571,307.9449306,468.655,70.08256944,7.12E-07,32.27036896,35.35306256,1.985447407,,
7/15/2008 17:00,22.16365967,99.318474,306.7858333,307.3999306,60.48923611,0,32.54080342,37.99440599,1.124298573,,
7/15/2008 18:00,21.93999634,99.3429,305.7030556,149.5784201,47.89986111,0,32.06093708,12.56858029,0.794981182,,
7/15/2008 19:00,21.60872803,99.36374,303.9438194,33.92100694,21.19090278,0,32.97808218,336.681478,0.933770001,,
7/15/2008 20:00,21.20543823,99.42664,301.9138889,0.040104167,0.2078125,0,34.17913954,322.5742107,1.112668991,,
7/15/2008 21:00,20.74877319,99.47311,300.29,3.47E-05,-3.47E-05,0,35.84308178,308.9143378,1.139297366,,
7/15/2008 22:00,20.27941284,99.42523,295.8241667,3.47E-05,-3.47E-05,0,40.01264813,283.6663727,1.239913106,,
7/15/2008 23:00,19.86257324,99.45608,294.7418056,3.47E-05,-3.47E-05,0.00086613,45.25140575,271.1400175,1.516210914,,
7/16/2008 0:00,19.49233398,99.49053,293.9297222,3.47E-05,-3.47E-05,0,50.08523671,265.6987542,1.724703074,,
7/16/2008 1:00,16.71767578,99.49695,293.3883333,3.47E-05,-3.47E-05,0,61.3646941,261.0068104,2.202724457,,
7/16/2008 2:00,16.81511841,99.52659,292.7116667,3.47E-05,-3.47E-05,0,64.06924009,270.7423571,2.049206734,,
7/16/2008 3:00,16.63381348,99.546425,291.8997222,3.47E-05,-3.47E-05,0,66.17116838,286.5258997,1.887341499,,
7/16/2008 4:00,16.20848999,99.56825,290.8172222,3.660659722,4.958333333,0.00086613,69.15835845,292.1706413,1.758033991,,
7/16/2008 5:00,15.82470093,99.62914,291.0877778,70.42052083,34.61149306,0,73.02020569,303.8676476,1.494027019,,
7/16/2008 6:00,15.71032104,99.700645,293.3883333,206.9862847,54.89375,0,60.44718477,326.3215393,1.304223537,,
7/16/2008 7:00,16.64144287,99.7313,296.6363889,363.0710069,68.4178125,0,55.42542768,350.8470334,1.448118091,,
7/16/2008 8:00,17.61065063,99.76555,299.3427778,515.5351736,77.57052083,0,51.52841937,3.811940529,1.711117625,,
7/16/2008 9:00,18.52736816,99.78158,301.9138889,650.1370139,84.1975,0,48.33840659,11.71004258,1.879448533,,
7/16/2008 10:00,19.36696777,99.8603,303.4022222,756.0149306,86.85173611,0,45.93482986,16.27896017,2.130260468,,
7/16/2008 11:00,20.10067139,99.82784,305.7033333,810.0961111,91.12,0,43.70669385,20.66698447,2.361999989,,
7/16/2008 12:00,20.76149902,99.82684,306.7855556,828.1722222,88.73604167,0,41.4655322,23.94956826,2.607255459,,
7/16/2008 13:00,20.89788208,99.780174,310.1688889,802.5611111,85.47138889,0,38.59521595,22.4394954,2.712306499,,
7/16/2008 14:00,21.40963135,99.76635,307.1916667,697.671875,98.86229167,0,36.90034045,18.24539554,3.01069355,,
7/16/2008 15:00,21.61635742,99.730095,308.545,601.8674306,80.88444444,0,35.93812516,16.52450206,3.061307192,,
7/16/2008 16:00,21.62056885,99.71287,309.1629861,452.7432292,74.76486111,7.12E-07,35.59627751,11.41526442,2.857183456,,
7/16/2008 17:00,21.44265137,99.6678,310.71,298.8094792,64.13579861,0,36.7437429,3.6015929,2.45875597,,
7/16/2008 18:00,21.00634155,99.68223,309.2216667,146.185,48.59529514,0,39.23188813,353.8311255,2.307743311,,
7/16/2008 19:00,20.55562744,99.68283,306.6504861,32.73197917,21.0090625,0,41.30470734,332.8950978,1.999225616,,
7/16/2008 20:00,19.97356567,99.728096,305.2969444,0.013368056,0.161631944,0,44.23659917,307.3191846,2.173963547,,
7/16/2008 21:00,19.24242554,99.755936,303.2672222,3.47E-05,-3.47E-05,0,48.30708945,295.5528963,2.402501822,,
7/16/2008 22:00,18.50447998,99.70626,297.1775,3.47E-05,-3.47E-05,0,52.66183811,291.3338407,2.730365515,,
7/16/2008 23:00,17.80806885,99.72008,296.9070833,3.47E-05,-3.47E-05,0,56.51113902,290.6562176,2.922898769,,
7/17/2008 0:00,17.13283691,99.71787,296.2302778,3.47E-05,-3.47E-05,0,60.35996422,291.4641265,2.936383724,,
7/17/2008 1:00,15.02321777,99.72689,295.4180556,3.47E-05,-3.47E-05,0.00086613,69.47237908,290.8960324,2.983206034,,
7/17/2008 2:00,14.75466309,99.69885,294.6063889,3.47E-05,-3.47E-05,0,72.91910104,294.2748313,3.089556456,,
7/17/2008 3:00,14.36748657,99.69485,294.3355556,3.47E-05,-3.47E-05,0,75.31085336,302.3381906,2.976943493,,
7/17/2008 4:00,13.92012939,99.698044,294.2002778,3.166319444,4.606805556,0,77.9255256,307.7800243,2.595365763,,
7/17/2008 5:00,13.60750732,99.72028,295.1477778,66.19875,34.63315972,0,78.5766693,314.0499194,2.126755476,,
7/17/2008 6:00,14.08959351,99.75112,296.9069444,202.1900521,53.82732639,0,70.61430348,316.2985748,1.896973133,,
7/17/2008 7:00,15.08336792,99.7261,299.8841667,355.3088542,67.42972222,0,64.66995871,328.871208,1.894077301,,
7/17/2008 8:00,16.0246521,99.71988,309.7627778,500.9594444,76.73125,0,60.33310502,346.169947,2.03431797,,
7/17/2008 9:00,16.93117676,99.71247,307.1916667,641.1056944,81.88270833,0,56.6587916,359.4666117,2.157857418,,
7/17/2008 10:00,17.70470581,99.77216,315.9877778,598.3804167,182.4179167,0,53.63804438,10.74409845,2.46578455,,
7/17/2008 11:00,18.42992554,99.72629,335.0688889,521.6941319,238.8182292,0,51.01509592,15.29892365,2.734429836,,
7/17/2008 12:00,18.95351563,99.69825,332.7688889,572.8495139,230.568125,0,48.22005987,16.39476773,2.948685169,,
7/17/2008 13:00,17.82924805,99.65939,334.3922222,488.4411111,211.7966667,0,46.97683663,15.08553829,3.006743431,,
7/17/2008 14:00,18.21303711,99.61692,336.0161111,433.7052431,218.8291319,0,45.46741109,10.10240986,2.491728306,,
7/17/2008 15:00,18.8628479,99.56825,335.6105556,385.8898611,178.1213194,0,43.56305127,3.108931996,2.139214516,,
7/17/2008 16:00,19.27205811,99.50195,334.8749306,338.3416667,145.2985764,7.12E-07,42.64691042,1.529601014,2.228875399,,
7/17/2008 17:00,19.19921265,99.422226,316.1233333,211.9294792,113.0689236,0,43.87679649,349.8230198,2.051006079,,
7/17/2008 18:00,18.70949707,99.425835,318.8297222,104.5819792,55.50361111,0,47.16663391,329.6304176,2.28018713,,
7/17/2008 19:00,17.93938599,99.42623,307.8682639,29.33854167,21.07739583,0,51.14013565,317.5674908,2.691049337,,
7/17/2008 20:00,17.10741577,99.47551,305.7030556,0.013368056,0.088715278,0,55.82975564,313.0399633,2.71938467,,
7/17/2008 21:00,16.32964478,99.484924,304.35,3.47E-05,-3.47E-05,0,60.65704341,308.525963,2.59141326,,
7/17/2008 22:00,15.7060791,99.458885,296.6361111,3.47E-05,-3.47E-05,0.00086613,64.94173136,300.6332525,2.544799805,,
7/17/2008 23:00,15.24096069,99.499344,294.6065278,3.47E-05,-3.47E-05,0,68.69014499,294.8395855,2.615187883,,
7/18/2008 0:00,14.80889282,99.48072,293.6588889,3.47E-05,-3.47E-05,0,72.91919949,293.645122,2.68503356,,
7/18/2008 1:00,13.77950439,99.47671,291.7644444,3.47E-05,-3.47E-05,0.00086613,81.53322053,304.5229394,2.65878129,,
7/18/2008 2:00,13.25759277,99.48352,289.7344444,3.47E-05,-3.47E-05,0.00086613,84.21686258,305.8129196,2.492751598,,
7/18/2008 3:00,12.87127075,99.48833,291.4938889,3.47E-05,-3.47E-05,0,87.10252696,304.5673527,2.406504393,,
7/18/2008 4:00,12.60186157,99.49975,289.5991667,2.7521875,4.3646875,0,89.02664134,304.0175668,2.424086094,,
7/18/2008 5:00,12.43917236,99.529594,290.9525,63.76722222,33.12708333,0.000867993,89.29310255,306.5639672,2.132817745,,
7/18/2008 6:00,13.172052,99.56484,292.9825,197.2735764,56.61456597,0.00086613,81.34764323,319.9181243,2.293935537,,
7/18/2008 7:00,14.08788452,99.5973,297.4483333,347.3195833,72.83767361,0.00086613,75.82335047,339.0247162,2.371572018,,
7/18/2008 8:00,14.82158813,99.61713,322.0772222,372.5565972,123.5964583,0,72.27522735,357.4075515,2.44354248,,
7/18/2008 9:00,15.24434814,99.64577,325.1905556,403.1776736,178.0422917,0,71.11770575,5.719121871,2.353105068,,
7/18/2008 10:00,15.85012207,99.67662,352.12,182.8982292,239.5195139,0.021664426,68.18108909,12.87841133,2.364712954,,
7/18/2008 11:00,16.14748535,99.67882,353.2027778,234.6681771,287.4585243,0.047661364,66.60161357,15.30047922,2.518246174,,
7/18/2008 12:00,16.72615967,99.68543,345.895,252.3033681,231.555625,0.027729198,63.55657131,19.84364102,2.648958683,,
7/18/2008 13:00,17.11504517,99.69144,349.8194444,212.3436458,241.8812153,0.007800758,63.11538718,19.30222388,3.089659929,,
7/18/2008 14:00,17.26583252,99.64196,358.3455556,219.0236285,243.1493576,0,63.12944504,18.45521383,3.383306026,,
7/18/2008 15:00,16.98369751,99.61392,350.2255556,227.9881944,180.61875,0,64.59909136,12.78840992,3.292178154,,
7/18/2008 16:00,17.02523193,99.56685,343.6713194,231.2346701,139.8628993,7.12E-07,64.59336199,5.099830326,2.912647486,,
7/18/2008 17:00,16.88543091,99.52899,352.3908333,145.5837847,78.34939236,0,65.0922131,353.6379418,2.621527672,,
7/18/2008 18:00,16.56179199,99.521576,343.5944444,74.61555556,59.99225694,0.003466383,66.88458318,343.3067957,2.530403852,,
7/18/2008 19:00,16.10259399,99.521576,339.8054861,18.18295139,17.0659375,0,69.83258092,333.1922827,2.729581833,,
7/18/2008 20:00,15.65102539,99.535,343.8652778,3.47E-05,0.029131944,0.00086613,73.19885919,324.8172004,2.684300661,,
7/18/2008 21:00,15.28417358,99.55964,344.0005556,3.47E-05,-3.47E-05,0.002600253,75.6119368,316.9595425,2.389348507,,
7/18/2008 22:00,15.01815186,99.54422,329.9265278,3.47E-05,-3.47E-05,0.00173226,77.43784052,304.6645394,2.100353241,,
7/18/2008 23:00,14.7953125,99.57346,346.1658333,3.47E-05,-3.47E-05,0.00086613,79.00394619,292.848681,2.102796793,,
7/19/2008 0:00,14.7885376,99.51016,343.5944444,3.47E-05,-3.47E-05,0.00086613,80.10501345,283.6589552,2.169631243,,
7/19/2008 1:00,14.65130005,99.51237,343.4594444,3.47E-05,-3.47E-05,0.000867993,81.47292435,290.6299145,2.345976353,,
7/19/2008 2:00,14.45812378,99.4707,331.1444444,3.47E-05,-3.47E-05,0,83.09046116,299.1511424,2.11011076,,
7/19/2008 3:00,14.04805908,99.47451,334.5277778,3.47E-05,-3.47E-05,0,84.66140301,300.1442656,1.809972882,,
7/19/2008 4:00,13.55584106,99.461685,324.6488889,1.349375,3.579930556,0.00086613,88.14392459,302.5055849,1.706359506,,
7/19/2008 5:00,13.39315186,99.45728,327.8963889,39.82614583,35.96548611,0.00086613,87.52917163,307.0229013,1.547551274,,
7/19/2008 6:00,13.79644165,99.47511,325.4611111,83.87402778,89.20565972,0.00086613,83.69647348,320.6482886,1.403037548,,
7/19/2008 7:00,14.7394043,99.49354,341.1583333,180.2663194,135.5151736,0.000867993,77.21659104,343.3526604,1.392828584,,
7/19/2008 8:00,15.67388306,99.48712,343.595,252.6373611,164.8219097,0.003466383,71.72105848,14.91306235,1.462880492,,
7/19/2008 9:00,16.60668335,99.4699,347.6544444,320.4660069,214.0422569,0.003466383,67.19730433,33.00538311,1.60178709,,
7/19/2008 10:00,17.28109131,99.47531,346.5716667,397.5264236,252.9662153,0.019930305,63.76846086,38.50142801,1.594776511,,
7/19/2008 11:00,18.19863281,99.43785,360.6455556,258.5291146,329.1368576,0.004332513,58.62474493,35.51723982,1.631100535,,
7/19/2008 12:00,19.3364502,99.39659,335.3394444,563.4440972,217.8209028,0,52.10543389,40.4323703,1.963778615,,
7/19/2008 13:00,19.82445679,99.340904,324.9194444,594.3056944,166.4983333,0,52.34166647,31.18488839,2.843015194,,
7/19/2008 14:00,20.18453369,99.312065,340.6177778,542.7761806,170.2952778,0,52.05457189,25.53300077,3.059704304,,
7/19/2008 15:00,20.32177124,99.2672,328.7083333,521.600625,109.7581944,0,52.51730724,25.13930013,3.08527422,,
7/19/2008 16:00,20.29467163,99.21612,323.9135417,342.616875,123.5666319,7.12E-07,53.37697124,29.40450738,2.921007633,,
7/19/2008 17:00,20.16588745,99.191475,313.9580556,285.3559722,63.44309028,0,54.1856087,31.98651696,2.271140814,,
7/19/2008 18:00,19.88884888,99.19289,313.5519444,135.2030903,47.83729167,0,55.79465196,24.03166372,1.706147552,,
7/19/2008 19:00,19.51436768,99.19569,313.8227083,28.496875,18.81274306,0,57.43260961,7.10611814,1.606764674,,
7/19/2008 20:00,19.10515747,99.2055,309.7627778,3.47E-05,0.014548611,0,59.57531148,341.202218,1.548433304,,
7/19/2008 21:00,18.50533447,99.21431,308.2744444,3.47E-05,-3.47E-05,0,62.74960927,316.7200385,1.493566632,,
7/19/2008 22:00,17.89446411,99.17025,310.9808333,3.47E-05,-3.47E-05,0,65.961752,296.158133,1.70903635,,
7/19/2008 23:00,17.46154175,99.17385,309.3570833,3.47E-05,-3.47E-05,0,68.68231491,287.9424673,2.150929213,,
7/20/2008 0:00,17.06420288,99.161835,307.4622222,3.47E-05,-3.47E-05,0,71.43185311,288.2243151,2.43097949,,
7/20/2008 1:00,15.84249268,99.15062,305.9738889,3.47E-05,-3.47E-05,0,78.45935334,288.4028972,2.740389824,,
7/20/2008 2:00,15.40871582,99.17045,304.3497222,3.47E-05,-3.47E-05,0,81.85692705,288.3042829,2.65357089,,
7/20/2008 3:00,14.92833862,99.17125,303.2672222,3.47E-05,-3.47E-05,0,81.89496439,290.825859,2.422066689,,
7/20/2008 4:00,14.40050659,99.16925,302.1844444,2.057465278,3.644756944,0,82.87658326,291.1147555,2.160636663,,
7/20/2008 5:00,13.98790894,99.2037,305.0266667,59.51875,32.79625,0,87.14300852,295.215485,1.801524758,,
7/20/2008 6:00,14.16243896,99.23995,301.3725,193.0785417,54.91777778,0,85.53152047,305.0709254,1.58257544,,
7/20/2008 7:00,15.54003296,99.2726,304.7558333,352.74375,65.4446875,0,76.64146868,317.3679639,1.65869832,,
7/20/2008 8:00,16.89730225,99.286026,309.3572222,483.3376042,81.28607639,0,69.4102034,332.2411345,1.793606162,,
7/20/2008 9:00,18.05120239,99.259384,313.5516667,629.5760417,81.62868056,0,64.37323096,346.9309991,2.050553322,,
7/20/2008 10:00,19.11956177,99.30265,315.8527778,725.4873611,87.65763889,0,59.85342661,359.4507055,2.284038067,,
7/20/2008 11:00,20.01677856,99.25177,318.6944444,784.9927778,90.20597222,0,55.87701535,6.992267425,2.494552612,,
7/20/2008 12:00,20.84111938,99.21572,320.5888889,801.0781944,89.44805556,0.00086613,51.99094475,15.61754856,2.522103071,,
7/20/2008 13:00,22.23397217,99.191475,320.4538889,780.5839583,82.04368056,0,46.96848579,21.34891397,2.719679117,,
7/20/2008 14:00,22.5135437,99.17385,321.13,711.6330556,75.37791667,0,45.75741455,23.54391137,2.663138866,,
7/20/2008 15:00,22.78127441,99.15322,322.2133333,596.0558333,72.71027778,0.00086613,44.39666641,21.51315099,2.428615808,,
7/20/2008 16:00,22.85921631,99.10835,324.4549306,438.5415625,72.70565972,7.12E-07,43.63588414,11.25217487,2.383593798,,
7/20/2008 17:00,22.58471069,99.08092,324.2427778,282.4568576,62.65251736,0,44.06872072,1.041007594,2.403668165,,
7/20/2008 18:00,21.95015869,99.069695,323.025,133.6934028,46.80940972,0,46.44613158,353.0355541,2.127251387,,
7/20/2008 19:00,21.32488403,99.10494,318.9649306,27.73534722,18.10131944,0,47.81719817,332.7456532,1.659295321,,
7/20/2008 20:00,20.68609009,99.17786,315.8527778,3.47E-05,-3.47E-05,0,50.72869819,300.2786905,1.861666799,,
7/20/2008 21:00,19.90578613,99.17285,313.0105556,3.47E-05,-3.47E-05,0,55.22348312,294.6716721,2.126488924,,
7/20/2008 22:00,19.03313599,99.09073,312.4694444,3.47E-05,-3.47E-05,0,59.90845311,295.8779723,2.43420434,,
7/20/2008 23:00,18.14440308,99.09434,312.6048611,3.47E-05,-3.47E-05,0,64.23405957,297.710314,2.657204866,,
7/21/2008 0:00,17.35650024,99.131584,310.7102778,3.47E-05,-3.47E-05,0,68.73885272,295.2731454,2.67296052,,
7/21/2008 1:00,16.14919434,99.162636,308.8155556,3.47E-05,-3.47E-05,0,76.21789358,298.0650467,2.897035122,,
7/21/2008 2:00,15.44854126,99.19789,307.3269444,3.47E-05,-3.47E-05,0,80.80844987,298.151756,2.905019522,,
7/21/2008 3:00,14.88427124,99.209305,308.2744444,3.47E-05,-3.47E-05,0,84.02839734,299.5012989,2.809401751,,
7/21/2008 4:00,14.32512817,99.23935,316.3938889,1.736805556,3.221666667,0,87.11170232,299.1145121,2.694741964,,
7/21/2008 5:00,14.32766113,99.28322,311.5219444,57.67506944,30.97940972,0,86.11502615,300.7523778,2.550046921,,
7/21/2008 6:00,14.94188843,99.31627,310.575,181.1881597,57.56208333,0,80.74917954,307.6844119,2.480026484,,
7/21/2008 7:00,16.031427,99.36334,314.2288889,327.1860764,75.51444444,0,72.98830152,320.6499415,2.329480886,,
7/21/2008 8:00,16.71175537,99.38417,324.5133333,393.5050694,95.2978125,0,69.11170607,337.1070552,2.148597002,,
7/21/2008 9:00,17.63182983,99.40921,333.7155556,572.769375,104.7906944,0.00086613,64.86261488,350.409109,2.194056511,,
7/21/2008 10:00,18.77221069,99.4026,324.5138889,592.5554861,123.286875,0,60.05876521,0.296628125,2.408527136,,
7/21/2008 11:00,19.44997559,99.35894,329.25,695.1067361,117.2070139,0,57.61973733,9.837881754,2.700952291,,
7/21/2008 12:00,20.14556274,99.35173,351.4433333,624.8065278,166.7691667,0,54.41985788,19.7636817,2.667268276,,
7/21/2008 13:00,20.42852173,99.29845,334.6627778,591.4465972,164.4427083,0,53.49339068,23.79740872,2.80224967,,
7/21/2008 14:00,20.80214844,99.28222,350.6316667,461.9883333,196.2191667,0,52.16897156,29.72790317,2.588433504,,
7/21/2008 15:00,21.06987915,99.24336,341.7,460.7993056,147.2547222,0,51.02124365,25.36443511,2.349272966,,
7/21/2008 16:00,21.13765869,99.2033,334.4690972,351.6214931,110.7848264,7.12E-07,50.50165299,21.50131086,2.373139143,,
7/21/2008 17:00,20.9190918,99.16164,320.3183333,268.7628646,60.47942708,0,50.98492702,17.90327819,2.133710384,,
7/21/2008 18:00,20.44463501,99.14181,318.1530556,132.0768403,46.96760417,0,52.86104662,3.438138789,1.904433489,,
7/21/2008 19:00,19.73635254,99.16685,320.4538194,26.34590278,16.99694444,0,55.475118,340.2613953,2.138779163,,
7/21/2008 20:00,18.82305298,99.22212,312.0633333,3.47E-05,-3.47E-05,0,59.66161964,323.3181754,2.241668224,,
7/21/2008 21:00,17.93685303,99.22333,312.6047222,3.47E-05,-3.47E-05,0,64.35993469,312.2991439,2.210308075,,
7/21/2008 22:00,17.21077881,99.15963,311.5222222,3.47E-05,-3.47E-05,0,68.90433082,302.0022819,2.250406981,,
7/21/2008 23:00,16.64989624,99.16824,314.7701389,3.47E-05,-3.47E-05,0,72.61299701,296.9847498,2.358235359,,
7/22/2008 0:00,16.19918213,99.17686,324.6488889,3.47E-05,-3.47E-05,0,75.53724461,295.1692309,2.442352057,,
7/22/2008 1:00,15.14098511,99.19108,318.4236111,3.47E-05,-3.47E-05,0,79.57390795,294.4682281,2.580592394,,
7/22/2008 2:00,14.69112549,99.220924,309.7630556,3.47E-05,-3.47E-05,0,82.05357114,298.1645284,2.573510408,,
7/22/2008 3:00,14.10653076,99.236145,315.1758333,3.47E-05,-3.47E-05,0.00173226,87.33763386,299.9133506,2.7307024,,
7/22/2008 4:00,13.57363281,99.26179,335.2044444,0.641284722,2.654652778,0.001734123,90.80308314,304.3074503,2.724746227,,
7/22/2008 5:00,13.15508423,99.297844,327.6258333,32.47815972,36.53204861,0.00173226,90.09371693,306.9895153,2.465679407,,
7/22/2008 6:00,13.57616577,99.354126,349.0075,73.96090278,96.55204861,0.00086613,85.19330411,314.8490721,2.716048956,,
7/22/2008 7:00,14.47423706,99.37877,340.8883333,213.2253993,115.3897743,0.001734122,79.43694605,330.1850427,2.682380438,,
7/22/2008 8:00,15.2257019,99.40821,352.12,175.6838368,172.4735243,0,75.25758725,343.5087763,2.554147482,,
7/22/2008 9:00,15.75692139,99.424835,365.7883333,176.6992014,190.1982639,0.00086613,72.95023349,349.6534613,2.387854338,,
7/22/2008 10:00,16.84816895,99.47031,351.0377778,228.8031424,265.6873785,0.008665025,66.42091327,355.6142147,2.373656988,,
7/22/2008 11:00,17.25820313,99.44206,356.18,326.5581597,278.1707986,0.036396086,63.56226789,359.2906936,3.083776474,,
7/22/2008 12:00,17.31328735,99.46229,356.8561111,237.2733854,242.9542535,0.035529956,62.5412778,359.997446,4.305854321,,
7/22/2008 13:00,16.25594482,99.49895,356.4505556,158.9304167,223.2945486,0,64.91695123,351.5781548,3.761781454,,
7/22/2008 14:00,16.26101074,99.51758,363.3527778,184.7686285,253.9682813,0.00086613,65.55940641,349.1239047,3.847382784,,
7/22/2008 15:00,16.22121582,99.532,362.1338889,148.8703472,166.2548611,0,66.07181033,348.2806026,3.52057004,,
7/22/2008 16:00,16.39489136,99.5354,363.4288194,115.2031944,136.9786632,7.12E-07,65.55039446,348.3128394,3.41183567,,
7/22/2008 17:00,16.27712402,99.51758,361.8638889,59.61229167,105.0088542,0,66.11491037,345.7482417,3.512697458,,
7/22/2008 18:00,15.85265503,99.53861,350.4961111,49.56555556,57.59569444,0.011265278,67.79111497,339.4329993,3.594304562,,
7/22/2008 19:00,15.27993164,99.56104,352.2554861,10.34065972,12.96413194,0.003466383,70.07489585,334.4155525,3.616102934,,
7/22/2008 20:00,14.75805054,99.611916,356.0447222,3.47E-05,-3.47E-05,0.00086613,72.56477188,328.2321072,3.214298725,,
7/22/2008 21:00,14.34713135,99.61613,349.8194444,3.47E-05,-3.47E-05,0.002600253,74.38771139,319.1365935,2.774527073,,
7/22/2008 22:00,13.92861328,99.62213,348.33125,3.47E-05,-3.47E-05,0.006930903,77.41521845,310.4315823,2.616470814,,
7/22/2008 23:00,13.57784424,99.64557,326.9494444,3.47E-05,-3.47E-05,0.00780076,78.11887125,303.5959836,2.738432646,,
7/23/2008 0:00,13.30336914,99.65798,341.2938889,3.47E-05,-3.47E-05,0.00259839,79.20559764,302.8856371,2.821811199,,
7/23/2008 1:00,13.25505981,99.65198,333.7158333,3.47E-05,-3.47E-05,0.007798895,77.09518434,301.887685,2.98785162,,
7/23/2008 2:00,13.04241333,99.69123,324.1075,3.47E-05,-3.47E-05,0.003466383,77.65090185,300.3532762,2.683686495,,
7/23/2008 3:00,12.87297974,99.71227,330.3325,3.47E-05,-3.47E-05,0.004334375,79.24396389,302.8813068,2.603065014,,
7/23/2008 4:00,12.63744507,99.75012,335.8811111,0.307291667,1.996944444,0.007798895,80.18042684,308.1671048,2.38248229,,
7/23/2008 5:00,12.61370239,99.76615,338.3166667,20.94847222,21.57767361,0.006932765,78.70244123,315.4580039,2.18179512,,
7/23/2008 6:00,12.64760742,99.81001,342.9177778,67.68170139,55.21538194,0.008665025,76.57755775,322.905427,2.37169838,,
7/23/2008 7:00,12.92550049,99.82705,344.1361111,135.4302083,105.8721875,0.007798895,74.36833271,330.5895811,2.459920406,,
7/23/2008 8:00,13.30251465,99.86911,343.4594444,114.134375,154.4395833,0.007798895,71.6434078,333.8610863,2.188739538,,
7/23/2008 9:00,13.88878784,99.88393,354.285,141.9498611,198.6677083,0.011265278,69.06054556,342.0765984,2.160558224,,
7/23/2008 10:00,14.53099976,99.92239,348.4666667,323.8460764,222.3000347,0.416820869,65.18517116,350.2628063,1.789771318,,
7/23/2008 11:00,15.32229004,99.90256,340.0761111,347.2527778,220.0688889,0.220108777,61.83399576,4.990712078,2.134111404,,
7/23/2008 12:00,16.02211914,99.88173,352.6611111,183.4192708,305.7190278,0,58.26056719,10.12566324,2.702116251,,
7/23/2008 13:00,14.66060791,99.88694,363.4877778,176.8728819,249.0157639,0.00086613,71.36842578,322.8324021,2.369954348,,
7/23/2008 14:00,15.00713501,99.85949,343.5944444,252.7442361,230.5022222,0,71.11902645,331.052422,2.761092186,,
7/23/2008 15:00,15.09609375,99.82003,342.6472222,220.8539583,217.5037847,0,70.59854231,342.794844,2.824177027,,
7/23/2008 16:00,15.0927063,99.80581,344.7538194,165.8508854,119.0422743,7.12E-07,70.38992302,343.2675989,2.885886192,,
7/23/2008 17:00,15.10796509,99.77697,347.2483333,108.0155208,109.6612326,0,70.1827452,336.4848557,2.909703255,,
7/23/2008 18:00,14.86733398,99.7968,350.7669444,67.975625,47.74628472,0,71.05648717,330.3157486,2.578058243,,
7/23/2008 19:00,14.62502441,99.79659,341.429375,12.05072917,12.61034722,0,72.75350927,323.9407539,2.384841919,,
7/23/2008 20:00,14.42254028,99.85509,338.9933333,3.47E-05,-3.47E-05,0,74.71221536,321.1258417,2.732375383,,
7/23/2008 21:00,14.22091064,99.8647,336.8283333,3.47E-05,-3.47E-05,0,76.8152554,323.0550867,2.619919538,,
7/23/2008 22:00,14.02263794,99.904755,346.0306944,3.47E-05,-3.47E-05,0.00086613,78.3170743,327.1881708,2.264267921,,
7/23/2008 23:00,13.81932983,99.90076,341.7,3.47E-05,-3.47E-05,0.00086613,79.38138393,319.5430922,1.839340568,,
7/24/2008 0:00,13.78713379,99.88553,336.6927778,3.47E-05,-3.47E-05,0.001734123,80.26786968,301.993109,1.747407436,,
7/24/2008 1:00,13.37029419,99.87992,333.3097222,3.47E-05,-3.47E-05,0.00259839,85.88428667,296.2771286,1.97049737,,
7/24/2008 2:00,13.51601563,99.85068,345.4891667,3.47E-05,-3.47E-05,0.002600252,85.39874778,291.7631112,1.647343159,,
7/24/2008 3:00,13.66851196,99.8631,339.6702778,3.47E-05,-3.47E-05,0,85.0319845,304.9142033,1.589473844,,
7/24/2008 4:00,13.6880127,99.83325,334.6627778,0.387465278,2.1209375,0.00173226,85.71811589,313.0617584,1.480684042,,
7/24/2008 5:00,13.65749512,99.82584,326.9494444,34.34854167,28.24482639,0,87.06713291,317.7927811,1.055672526,,
7/24/2008 6:00,14.11501465,99.84707,313.9583333,124.8223611,76.02475694,0,81.48644052,333.0045943,0.630006194,,
7/24/2008 7:00,14.9868103,99.83145,307.5972222,291.5149306,84.11819444,0,75.82222926,20.63091936,0.781014085,,
7/24/2008 8:00,15.81029663,99.805214,317.6122222,419.9578472,112.8295486,0,71.40642079,64.85339066,1.029812336,,
7/24/2008 9:00,17.24126587,99.76455,309.0861111,612.7156944,90.20548611,0,63.75083692,83.10285016,1.228235006,,
7/24/2008 10:00,18.39605103,99.811615,321.2655556,620.2507639,139.9845139,0,59.90474288,76.97332229,1.855849266,,
7/24/2008 11:00,19.33983765,99.73931,310.7105556,790.95125,88.59347222,0,57.60516203,79.20814652,2.416509628,,
7/24/2008 12:00,20.20742188,99.683624,312.1983333,819.6619444,83.72722222,0,55.47133464,83.45073902,2.561411858,,
7/24/2008 13:00,20.0362793,99.631546,314.3638889,776.7229167,86.61930556,0,56.34391936,86.63758234,2.665496111,,
7/24/2008 14:00,20.81994019,99.589485,315.9883333,697.4180556,85.31986111,0,54.34088458,87.29165491,2.245598078,,
7/24/2008 15:00,21.3918396,99.52499,316.1233333,583.5508333,78.49215278,0,52.83814086,91.4215288,2.007215738,,
7/24/2008 16:00,21.74004517,99.45268,315.6585417,438.8087847,72.42385417,7.12E-07,51.69897729,90.75498429,1.735890746,,
7/24/2008 17:00,21.76799927,99.37617,314.3641667,279.1970139,63.476875,0,52.03443776,86.32383077,1.423044205,,
7/24/2008 18:00,21.36132202,99.342316,312.1986111,125.0494792,48.89065972,0,53.69835866,76.17572695,1.222658277,,
7/24/2008 19:00,21.00548706,99.32628,308.4096528,23.00590278,16.69100694,0,55.03643776,45.93314511,0.849312782,,
7/24/2008 20:00,20.71404419,99.38517,305.2972222,3.47E-05,-3.47E-05,0,56.00734396,347.8422027,1.151741266,,
7/24/2008 21:00,20.2895752,99.38137,304.485,3.47E-05,-3.47E-05,0,58.29623053,332.6845504,1.515943646,,
7/24/2008 22:00,19.81005249,99.388374,305.2972222,3.47E-05,-3.47E-05,0,61.9135017,310.3816912,1.362004638,,
7/24/2008 23:00,19.41018066,99.38598,305.0265278,3.47E-05,-3.47E-05,0,65.47928916,284.1765947,1.445531368,,
7/25/2008 0:00,19.21022949,99.368546,305.2969444,3.47E-05,-3.47E-05,0.00086613,67.61968176,268.7401828,1.771370292,,
7/25/2008 1:00,17.3175293,99.34832,302.9966667,3.47E-05,-3.47E-05,0,74.9142184,266.3896824,2.63486743,,
7/25/2008 2:00,17.62590942,99.3329,304.4852778,3.47E-05,-3.47E-05,0,74.77949063,287.4780964,2.426967382,,
7/25/2008 3:00,17.20482788,99.333694,304.7555556,3.47E-05,-3.47E-05,0,78.3027317,321.3784119,2.291745663,,
7/25/2008 4:00,16.36522827,99.34451,305.4325,0.761527778,2.257291667,0.00086613,82.17239284,319.9097744,1.954397202,,
7/25/2008 5:00,15.77471313,99.35953,306.7858333,45.63774306,33.34774306,0,82.48489927,298.1398236,1.632448196,,
7/25/2008 6:00,15.5942627,99.38798,316.3938889,133.8670833,79.39079861,0,82.31452763,313.8503174,1.544011831,,
7/25/2008 7:00,16.48977051,99.41883,323.0247222,168.9103299,151.056684,0,76.34331978,336.2399285,1.862372875,,
7/25/2008 8:00,17.47426758,99.447266,331.8211111,251.3013715,203.5359896,0,70.7607859,336.2427152,2.188081741,,
7/25/2008 9:00,18.4248291,99.42723,334.6633333,334.0130556,247.9215278,0,65.2473074,338.9354353,2.46513772,,
7/25/2008 10:00,19.18395386,99.461494,337.2338889,341.2808681,302.8241319,0,60.97092666,345.2484306,2.653882027,,
7/25/2008 11:00,20.0498291,99.422226,342.6477778,358.8225347,348.6196181,0,56.03059856,349.3266316,2.650025845,,
7/25/2008 12:00,20.79793701,99.381165,336.6927778,408.4682292,335.6957292,0,51.80692451,357.9525582,2.853114128,,
7/25/2008 13:00,21.17409668,99.382774,340.0761111,481.9214583,269.534375,0,47.52165752,0.626293929,2.547272444,,
7/25/2008 14:00,21.56298218,99.3345,337.7755556,536.4836458,180.2045486,0,45.49838392,3.836023349,3.113016129,,
7/25/2008 15:00,21.47823486,99.32889,326.4077778,489.4030556,136.8222917,0,44.26023544,7.522538979,2.927518606,,
7/25/2008 16:00,21.35286865,99.297844,320.8010417,383.0442014,101.6022917,7.12E-07,43.14643108,354.8550302,2.629236221,,
7/25/2008 17:00,20.90636597,99.2694,325.3255556,239.5178472,81.03253472,0,43.34151921,351.1786997,2.861432076,,
7/25/2008 18:00,20.25737915,99.31166,322.6188889,77.36770833,66.32576389,0.060658902,44.61948635,326.3649281,2.36289525,,
7/25/2008 19:00,19.57961426,99.32168,321.2654861,9.365381944,19.67083333,0.011265278,46.31790009,301.2735144,2.651852131,,
7/25/2008 20:00,18.85015259,99.36194,318.4238889,3.47E-05,-3.47E-05,0,49.63033735,296.1537412,2.80868268,,
7/25/2008 21:00,18.15456543,99.39298,323.9722222,3.47E-05,-3.47E-05,0,53.11756065,299.2055176,2.925068378,,
7/25/2008 22:00,17.53695068,99.29864,300.8313889,3.47E-05,-3.47E-05,0,56.07052345,298.7321991,2.874593019,,
7/25/2008 23:00,17.07265625,99.30545,299.74875,3.47E-05,-3.47E-05,0,58.79324925,293.7084515,2.862150669,,
7/26/2008 0:00,16.71175537,99.31007,300.6961111,3.47E-05,-3.47E-05,0,61.71249341,292.1783116,2.718639374,,
7/26/2008 1:00,17.01589355,99.33409,300.1544444,3.47E-05,-3.47E-05,0,59.27949035,293.5318365,2.687155247,,
7/26/2008 2:00,16.63210449,99.34752,302.0494444,3.47E-05,-3.47E-05,0,63.19035086,295.8586224,2.420238495,,
7/26/2008 3:00,15.99160156,99.36073,305.2969444,3.47E-05,-3.47E-05,0,66.85188211,309.1038482,2.53619051,,
7/26/2008 4:00,15.39345703,99.37175,308.0038889,0.534409722,1.580243056,0,68.49280952,302.9814169,2.599004984,,
7/26/2008 5:00,15.1274353,99.41281,339.9405556,31.08871528,26.77951389,0,69.62637429,294.3552295,2.704854488,,
7/26/2008 6:00,15.23589478,99.43585,336.5575,83.82059028,52.901875,0.011265278,64.81456552,307.9693128,2.479868889,,
7/26/2008 7:00,16.16784058,99.44446,339.8055556,133.2391667,100.2171701,0,58.73819171,327.1507038,2.551241636,,
7/26/2008 8:00,16.8651062,99.44306,350.3611111,167.2536806,157.4238889,0.001734123,58.57061732,340.5658527,2.536541224,,
7/26/2008 9:00,17.38192139,99.454475,348.06,208.2822049,245.1405382,0.00086613,59.53147192,352.4505398,2.386590242,,
7/26/2008 10:00,17.91057739,99.43585,351.0377778,283.8596528,266.5448958,0.00086613,59.02724709,349.3449792,1.915958643,,
7/26/2008 11:00,18.47399292,99.38157,357.1272222,242.7242535,263.4915799,0,57.23417827,354.384271,1.998190999,,
7/26/2008 12:00,18.92980347,99.36634,348.4666667,337.1927083,264.5465972,0,56.0246764,3.356642893,2.274977922,,
7/26/2008 13:00,19.41863403,99.33009,352.5255556,459.9175347,258.0248958,0,50.33716548,351.5591515,1.969756126,,
7/26/2008 14:00,19.6406189,99.30805,339.6705556,412.69,218.2604861,0,48.97579636,9.406388822,1.84423542,,
7/26/2008 15:00,19.42540894,99.31347,336.2866667,452.2889931,123.4766667,0,49.68445884,14.01662564,1.164188743,,
7/26/2008 16:00,19.32460938,99.2688,334.8749306,226.3582639,91.37743056,7.12E-07,50.81520424,27.08269044,1.533090591,,
7/26/2008 17:00,19.11531982,99.25077,343.4594444,127.8551042,80.53180556,0,52.94486952,33.77431214,1.530458689,,
7/26/2008 18:00,18.91369019,99.258385,349.6841667,74.6021875,49.16993056,0.00259839,54.85981424,38.44366852,1.141522884,,
7/26/2008 19:00,18.61293945,99.22212,344.4065972,12.91913194,11.43569444,0.01386553,57.43167512,37.82130851,0.737101793,,
7/26/2008 20:00,18.3756958,99.29564,349.6841667,3.47E-05,-3.47E-05,0.019064175,59.97934818,347.8000254,0.542267561,,
7/26/2008 21:00,18.09017334,99.2722,350.3608333,3.47E-05,-3.47E-05,0.055460259,62.48825109,323.0272605,0.816818297,,
7/26/2008 22:00,17.68181763,99.16824,355.9095833,3.47E-05,-3.47E-05,0.000867993,65.89433551,325.6817043,1.03337121,,
7/26/2008 23:00,17.27855835,99.15442,355.6386111,3.47E-05,-3.47E-05,0.003466383,68.21461491,337.0290425,1.189275861,,
7/27/2008 0:00,16.77190552,99.15863,363.4875,3.47E-05,-3.47E-05,0.068457797,70.95543297,345.4926526,1.092847705,,
7/27/2008 1:00,16.43300781,99.128586,366.4647222,3.47E-05,-3.47E-05,0.160315991,70.03823335,307.9525618,1.35704565,,
7/27/2008 2:00,16.17800293,99.12658,372.1486111,3.47E-05,-3.47E-05,0.207109377,72.01789751,305.1021496,1.180259466,,
7/27/2008 3:00,15.94075928,99.12898,368.3594444,3.47E-05,-3.47E-05,0.094456598,74.31962701,331.6955185,1.077083945,,
7/27/2008 4:00,15.59172974,99.1366,365.2469444,0.013368056,0.730416667,0.202776864,76.9768965,316.985224,0.940856695,,
7/27/2008 5:00,15.33330688,99.17185,350.7666667,12.91913194,28.25072917,0.352693722,79.93141646,290.8925694,1.200057626,,
7/27/2008 6:00,15.36296997,99.19649,367.2766667,18.71736111,73.02888889,0.259971246,80.99937345,315.7084362,1.51681304,,
7/27/2008 7:00,15.71965942,99.24376,367.2772222,60.90819444,80.33524306,0.279901549,80.56692869,350.4144126,1.920995951,,
7/27/2008 8:00,15.75777588,99.258385,369.7122222,107.0803125,120.5279514,0.15338324,81.39543088,4.611127303,2.151870966,,
7/27/2008 9:00,15.90941772,99.27681,370.66,107.3475,141.1738368,0.441949815,82.15490987,6.868862982,1.900179148,,
7/27/2008 10:00,16.6244751,99.31007,364.8411111,220.2260417,172.2512847,0.046795234,79.5692385,355.4297463,1.965921283,,
7/27/2008 11:00,17.11757813,99.322075,366.7355556,239.8251389,180.5508681,0.051993877,76.70959151,4.160336952,2.122774601,,
7/27/2008 12:00,17.78264771,99.338905,361.9988889,310.7399306,161.0145486,0.036396086,72.99802046,0.69902157,2.059875011,,
7/27/2008 13:00,18.74508057,99.35173,359.4277778,234.6281076,190.0646701,0.021664426,65.9794082,14.38588274,1.577175021,,
7/27/2008 14:00,19.16362915,99.36174,356.315,377.9139583,173.7302083,0.022530556,63.67948439,17.47400934,1.902827024,,
7/27/2008 15:00,18.96196899,99.34551,320.86,355.1619097,123.5781944,0.01473166,63.61096101,11.06255175,2.098719597,,
7/27/2008 16:00,18.89165649,99.33029,340.9646528,254.8818403,107.9759375,0.002599102,62.13814407,10.14406718,2.132433414,,
7/27/2008 17:00,18.41552124,99.30626,330.8738889,233.9066667,73.57666667,0.046795234,62.32813383,355.3189819,2.008157015,,
7/27/2008 18:00,18.02663574,99.29884,334.2569444,72.13059028,41.12666667,0,63.1055206,337.3579075,2.178175926,,
7/27/2008 19:00,17.28533325,99.323074,306.7857639,17.15423611,12.21739583,0,66.06861824,334.2582533,2.320102692,,
7/27/2008 20:00,16.43639526,99.39859,308.0036111,3.47E-05,-3.47E-05,0,69.65866245,327.8450028,2.096400499,,
7/27/2008 21:00,15.67559204,99.42343,323.2955556,3.47E-05,-3.47E-05,0,72.57044056,310.0395363,2.251715422,,
7/27/2008 22:00,14.99187622,99.41262,310.4397222,3.47E-05,-3.47E-05,0.00086613,75.53886935,301.8028814,2.580205202,,
7/27/2008 23:00,14.42424927,99.442665,310.16875,3.47E-05,-3.47E-05,0.000867993,78.0399861,298.5388228,2.924376249,,
7/28/2008 0:00,13.93538818,99.444664,306.2444444,3.47E-05,-3.47E-05,0.00086613,80.10622615,296.3416875,3.041802406,,
7/28/2008 1:00,12.48323975,99.44887,325.5961111,3.47E-05,-3.47E-05,0.00086613,87.18219277,297.3627257,3.10093832,,
7/28/2008 2:00,12.26888428,99.41702,296.3655556,3.47E-05,-3.47E-05,0.00086613,86.94022501,298.3900544,2.775313854,,
7/28/2008 3:00,12.07317505,99.42363,302.1847222,3.47E-05,-3.47E-05,0.00086613,85.68697446,290.9294593,2.47360301,,
7/28/2008 4:00,12.15792236,99.40661,324.5133333,0.253854167,1.467013889,0,84.35005256,281.3984699,2.539550304,,
7/28/2008 5:00,12.41546021,99.39659,332.3625,11.75680556,29.32555556,0.000867993,82.12981248,282.1036323,2.548835278,,
7/28/2008 6:00,13.04070435,99.394585,312.605,59.0378125,94.29552083,0,78.0383118,294.6439074,2.288697243,,
7/28/2008 7:00,13.94640503,99.380165,318.8294444,204.2474826,115.9966146,0,71.21447521,309.2879901,2.102331638,,
7/28/2008 8:00,15.03508911,99.36254,307.5977778,411.9819097,120.0762847,0,63.74931441,323.4147303,2.233856916,,
7/28/2008 9:00,16.02211914,99.36114,303.6733333,435.2951042,172.7880903,0,57.42269005,336.2728261,2.346901417,,
7/28/2008 10:00,16.8930603,99.39038,324.1072222,468.7485069,235.5873264,0,53.28478364,342.9775481,2.303691387,,
7/28/2008 11:00,17.74196777,99.343506,308.545,605.4077778,202.6620833,0,50.65289407,350.5976307,2.359428644,,
7/28/2008 12:00,18.40703735,99.29764,318.0183333,500.9059722,274.7880556,0,49.73496827,0.737933585,2.548135519,,
7/28/2008 13:00,19.21868286,99.2714,326.5433333,361.0803819,326.7612153,0,46.65937273,10.58824207,2.764969587,,
7/28/2008 14:00,19.30172119,99.22653,329.7911111,230.4063368,327.8150868,0,48.96903094,14.40655602,2.365551233,,
7/28/2008 15:00,19.40422974,99.19328,332.9038889,173.1187153,292.8314583,0,49.88263724,20.73777425,1.548488259,,
7/28/2008 16:00,19.44658813,99.140205,334.0629861,115.0695833,236.9525,7.12E-07,50.74068436,18.96416708,1.21134758,,
7/28/2008 17:00,19.35762939,99.142006,342.1061111,37.88892361,162.9144444,0,52.3262597,11.88618975,1.325091362,,
7/28/2008 18:00,18.97976074,99.13119,346.0302778,28.13614583,76.22503472,0,53.9127986,9.846932608,1.545670509,,
7/28/2008 19:00,18.56463013,99.14441,349.8196528,3.47E-05,16.94625,0,55.66541817,5.36291726,1.526770473,,
7/28/2008 20:00,18.24691162,99.18447,346.3011111,3.47E-05,-3.47E-05,0,57.26751152,354.0821499,1.304434776,,
7/28/2008 21:00,17.90548096,99.16244,347.7897222,3.47E-05,-3.47E-05,0,59.5780893,329.5922915,1.124249578,,
7/28/2008 22:00,17.59963379,99.10034,310.9809722,3.47E-05,-3.47E-05,0,62.27456185,302.5656223,1.450497389,,
7/28/2008 23:00,17.26415405,99.09133,344.5419444,3.47E-05,-3.47E-05,0,63.79744661,299.9999437,1.804201961,,
7/29/2008 0:00,16.86254272,99.07971,342.2411111,3.47E-05,-3.47E-05,0,65.23574487,301.1546828,1.926210523,,
7/29/2008 1:00,14.95800171,99.0711,350.2255556,3.47E-05,-3.47E-05,0,61.66312368,302.8456396,2.228489161,,
7/29/2008 2:00,14.6411377,99.063484,357.1272222,3.47E-05,-3.47E-05,0.019064173,65.23704415,312.1701865,2.574911356,,
7/29/2008 3:00,14.14550171,99.0789,357.5333333,3.47E-05,-3.47E-05,0.165514648,68.47296485,325.202645,2.867905617,,
7/29/2008 4:00,13.54482422,99.07751,355.9094444,3.47E-05,0.291631944,0.607464463,70.64179801,321.1099035,2.401565552,,
7/29/2008 5:00,13.22963867,99.09213,356.7211111,3.47E-05,9.727326389,1.116141677,71.30310279,294.6749301,2.394761801,,
7/29/2008 6:00,13.15764771,99.10415,356.8566667,3.47E-05,31.82166667,1.227930188,75.05025978,290.4503693,2.685386181,,
7/29/2008 7:00,13.28218994,99.12478,356.0444444,3.1796875,54.834375,0.816308195,80.43513969,300.1916329,2.541682482,,
7/29/2008 8:00,13.53380737,99.12578,358.4805556,5.223784722,101.5291319,0.548537821,82.70539349,307.1035044,2.184767246,,
7/29/2008 9:00,13.7930542,99.14421,358.3455556,8.216423611,96.93225694,0.508677214,84.28383606,296.1738493,1.976809859,,
7/29/2008 10:00,14.3225647,99.107155,353.6088889,98.82385417,152.4100521,0.561537221,78.53026243,306.5090832,2.982492924,,
7/29/2008 11:00,14.50896606,99.11216,359.5627778,48.87083333,185.0521875,0.937627628,80.61670609,315.3708131,2.880665302,,
7/29/2008 12:00,14.39797363,99.09954,360.24,38.34319444,141.8825347,0.97922422,83.56595409,320.7602149,2.549417257,,
7/29/2008 13:00,13.6947876,99.16483,364.4344444,19.19833333,155.2230903,2.743558958,86.34370491,310.8916639,2.943832397,,
7/29/2008 14:00,14.06585083,99.129585,358.4805556,79.9328125,102.4075694,1.139538363,86.5916948,325.7245159,3.275458097,,
7/29/2008 15:00,14.06502686,99.1366,367.0061111,1.122256944,75.39857639,1.766934991,87.76331908,321.901256,3.449112892,,
7/29/2008 16:00,14.14296875,99.105354,365.729375,7.588506944,85.03277778,0.597066013,88.88506392,322.5260134,3.436278343,,
7/29/2008 17:00,14.15905151,99.0733,368.0888889,6.613229167,55.04677083,0.569336116,87.51717246,335.3165416,3.715554476,,
7/29/2008 18:00,14.11330566,99.05347,367.8180556,3.47E-05,17.51503472,0.694122165,89.02081587,343.5550731,4.241490841,,
7/29/2008 19:00,14.12770996,99.0705,365.6527083,0.253854167,5.623402778,0.623064116,86.96258459,3.573511004,4.248216629,,
7/29/2008 20:00,14.02773438,99.12998,361.5930556,3.47E-05,-3.47E-05,0.458415598,85.13454165,26.17579499,3.714398623,,
7/29/2008 21:00,13.89556274,99.14661,347.3838889,3.47E-05,-3.47E-05,0.167246908,81.60432931,46.26854155,4.0235219,,
7/29/2008 22:00,13.42113647,99.128586,324.1073611,3.47E-05,-3.47E-05,0.253904611,80.60378413,55.3972533,4.084809303,,
7/29/2008 23:00,12.82805786,99.204895,312.1988889,3.47E-05,-3.47E-05,0.090990216,80.69825475,51.72568511,3.353745937,,
7/30/2008 0:00,12.38411865,99.26159,318.8297222,3.47E-05,-3.47E-05,0.090124086,79.89825856,45.21669925,3.104215622,,
7/30/2008 1:00,12.27990112,99.35032,302.9966667,3.47E-05,-3.47E-05,0.115253031,74.15279327,33.25751613,3.057066202,,
7/30/2008 2:00,11.72496948,99.39599,295.9594444,3.47E-05,-3.47E-05,0.034663826,77.29467243,19.51015533,2.731692791,,
7/30/2008 3:00,11.4420105,99.44847,320.995,3.47E-05,-3.47E-05,0.033795834,75.79654389,23.05982342,2.398427963,,
7/30/2008 4:00,11.44622192,99.47671,313.2813889,0.013368056,0.803333333,0.038128346,72.81201087,20.01476116,1.674671054,,
7/30/2008 5:00,11.29372559,99.53901,309.0866667,20.49423611,25.37159722,0.032063574,76.79343116,337.3444469,1.113376498,,
7/30/2008 6:00,11.09295044,99.58367,315.8522222,70.98163194,60.08236111,0.076258555,81.94395798,322.9325395,1.394929767,,
7/30/2008 7:00,11.3852478,99.65118,320.7244444,144.9291667,110.2131771,0.079723308,85.85707729,324.9402702,1.347996831,,
7/30/2008 8:00,12.00795898,99.69745,332.7683333,182.0832813,133.1294271,0.159449875,84.15303934,331.149701,1.451064706,,
7/30/2008 9:00,12.73995361,99.7297,329.115,294.3472222,152.4399306,0.090988353,79.3319521,339.3389373,1.567888379,,
7/30/2008 10:00,13.14238892,99.776764,334.5272222,357.4998958,199.8027431,0.050261617,74.50483548,347.1513017,1.69265759,,
7/30/2008 11:00,13.67443237,99.76555,320.3188889,324.1533681,263.1334375,0.136917457,67.09347273,355.1233064,1.837339759,,
7/30/2008 12:00,14.26665649,99.76174,326.8138889,476.4572222,218.0783333,0.038996339,58.35525553,358.3770412,2.034420013,,
7/30/2008 13:00,15.5239502,99.74993,332.0916667,366.2773958,234.2951736,0,50.30350226,11.26351811,2.043223858,,
7/30/2008 14:00,15.65187988,99.7289,300.4255556,472.8767361,161.1800694,0.002600253,50.73021732,5.67666883,2.699789286,,
7/30/2008 15:00,15.73150024,99.72048,320.995,308.3218056,144.8092708,0,49.49838958,0.676809048,2.816531181,,
7/30/2008 16:00,15.62560425,99.687836,320.2596528,240.0522569,136.3246181,7.12E-07,50.35452676,3.379705881,3.172232628,,
7/30/2008 17:00,15.11812744,99.64977,341.8352778,55.53746528,113.8525694,0,54.23411832,2.798767129,3.200266838,,
7/30/2008 18:00,14.7317749,99.610115,316.8,54.96298611,50.9003125,0,57.69783159,356.6714864,2.316369534,,
7/30/2008 19:00,14.56401978,99.589485,290.681875,15.01663194,12.59038194,0,57.75386779,342.8843348,1.363494158,,
7/30/2008 20:00,14.49285278,99.59028,283.1033333,3.47E-05,-3.47E-05,0,58.56289327,300.4061009,1.105960965,,
7/30/2008 21:00,14.47506104,99.54903,281.3444444,3.47E-05,-3.47E-05,0,60.68567285,295.7427141,1.175910592,,
7/30/2008 22:00,14.43947754,99.44967,283.6447222,3.47E-05,-3.47E-05,0,63.64741576,280.7866352,1.354907751,,
7/30/2008 23:00,14.44118652,99.41702,286.21625,3.47E-05,-3.47E-05,0,68.26000246,271.9954236,1.224090219,,
7/31/2008 0:00,14.44710693,99.343315,285.9452778,3.47E-05,-3.47E-05,0,70.96785768,258.3477904,1.247243047,,
7/31/2008 1:00,13.01784668,99.28683,318.1533333,3.47E-05,-3.47E-05,0,78.72257471,252.8613795,1.696134925,,
7/31/2008 2:00,13.06020508,99.21772,297.9894444,3.47E-05,-3.47E-05,0,77.59054012,263.7041135,2.300759554,,
7/31/2008 3:00,12.98226318,99.19328,313.2813889,3.47E-05,-3.47E-05,0,78.59157598,320.8404525,1.548440695,,
7/31/2008 4:00,12.71367798,99.1396,298.8013889,0.040104167,0.762013889,0,80.89649211,338.0452961,0.396005452,,
7/31/2008 5:00,12.86535034,99.13259,303.4025,9.619201389,33.2278125,0,79.79884431,231.5100715,0.788241029,,
7/31/2008 6:00,12.99328003,99.12298,329.5205556,26.51958333,79.11038194,0,77.95007351,260.3328824,0.925844967,,
7/31/2008 7:00,13.63039551,99.06889,338.0461111,49.97972222,123.23125,0,70.21772664,300.0740922,0.657560766,,
7/31/2008 8:00,14.03365479,99.04607,340.8883333,59.45194444,181.8650347,0,67.81796443,359.8395536,0.714455843,,
7/31/2008 9:00,14.17006836,99.02903,347.925,58.0090625,207.9398264,0,68.39948239,354.2586591,0.688978791,,
7/31/2008 10:00,14.33019409,99.03945,346.9777778,8.670659722,215.5833507,0.08492358,68.92509285,344.7900276,0.784942925,,
7/31/2008 11:00,14.32595215,99.01882,349.1427778,3.34,193.0444965,0.240905196,71.7795685,21.58069473,0.862509787,,
7/31/2008 12:00,14.09212646,98.99999,349.8194444,0.521041667,168.1252083,0.451482832,76.0464892,58.63303493,1.039872527,,
7/31/2008 13:00,13.44231567,99.000595,351.1727778,10.82159722,144.3055208,0.75478293,80.82912049,13.38396144,0.5187971,,
7/31/2008 14:00,13.29573975,98.98857,349.5494444,3.47E-05,115.5614236,1.301586628,86.38059314,112.9446023,0.402929574,,
7/31/2008 15:00,13.48635254,98.966934,352.6611111,3.47E-05,53.11392361,1.526896143,81.5644149,203.8774757,1.213648438,,
7/31/2008 16:00,13.37453613,98.91346,354.6327083,3.47E-05,53.65350694,1.287721796,77.31730865,232.5414164,2.015659809,,
7/31/2008 17:00,13.32369385,98.860374,355.0972222,0.040104167,31.35868056,0.769514591,77.80682554,242.3313451,2.385590315,,
7/31/2008 18:00,13.18474731,98.795074,354.5561111,3.47E-05,25.05482639,0.367425382,77.71451451,246.1320312,3.066420555,,
7/31/2008 19:00,12.96447144,98.76503,354.0146528,0.534409722,2.892777778,0.838838518,77.53299131,248.8027035,2.970333099,,
7/31/2008 20:00,12.88567505,98.78346,357.6686111,3.47E-05,-3.47E-05,0.721853459,77.0886616,247.3865662,2.598821878,,
7/31/2008 21:00,12.88314209,98.72838,359.4277778,3.47E-05,-3.47E-05,1.259991899,77.61369198,244.1111695,2.897849083,,
7/31/2008 22:00,12.92803345,98.68191,354.55625,3.47E-05,-3.47E-05,1.337116584,77.95971248,240.2053804,2.655549765,,
7/31/2008 23:00,13.25930176,98.6791,356.18,3.47E-05,-3.47E-05,0.731384382,76.51246338,243.0496761,2.517812967,,
